pilot_index,norm_name,doc_id,source_file,source_path,file_type,is_eval_ground_truth,sampling_reason,sample_score,base_sample_score,eval_question_count,selection_bucket,table_density_proxy,hard_distractor,hard_distractor_reason,issuer,project_name,business_type_candidates,eval_files,eval_raw_examples,metadata_source,metadata_budget,notice_id,notice_round,published_at,bid_start,bid_deadline,external_notice_id,final_notice_id,notice_id_status,notice_id_evidence,rank_index,doc_key,pilot_doc_id,selection_aliases
1,고려대학교_차세대 포털·학사 정보시스템 구축사업,doc_2ee3f5efecd4,고려대학교_차세대 포털·학사 정보시스템 구축사업.pdf,/Users/apple/Desktop/codeit/project_2nd/chatbot/data/original_data_list/고려대학교_차세대 포털·학사 정보시스템 구축사업.pdf,pdf,True,eval_ground_truth,1,1,37,구축,0,False,,고려대학교,차세대 포털·학사 정보시스템 구축사업,"구축, 홈페이지/포털","eval_batch_01.csv, eval_batch_02.csv, eval_batch_03.csv, eval_batch_04.csv, eval_batch_05.csv, eval_batch_11.csv, eval_batch_12.csv, eval_batch_13.csv, eval_batch_14.csv, eval_batch_15.csv",고려대학교_차세대 포털·학사 정보시스템 구축사업.pdf,,,,,,,,,,missing,,1,고려대학교_차세대 포털·학사 정보시스템 구축사업,D2ee3f5efec,고려대학교_차세대 포털·학사 정보시스템 구축사업.pdf | 고려대학교_차세대 포털·학사 정보시스템 구축사업 | 차세대 포털·학사 정보시스템 구축사업 | 고려대학교차세대포털·학사정보시스템구축사업.pdf
2,(사)부산국제영화제_2024년 BIFF & ACFM 온라인서비스 재개발 및 행사지원시,doc_fe9a9ee9e4f3,(사)부산국제영화제_2024년 BIFF & ACFM 온라인서비스 재개발 및 행사지원시.hwp,/Users/apple/Desktop/codeit/project_2nd/chatbot/data/original_data_list/(사)부산국제영화제_2024년 BIFF & ACFM 온라인서비스 재개발 및 행사지원시.hwp,hwp,True,eval_ground_truth,0,0,27,구축,0,False,,(사)부산국제영화제,2024년 BIFF & ACFM 온라인서비스 재개발 및 행사지원시,구축,"eval_batch_01.csv, eval_batch_02.csv, eval_batch_03.csv, eval_batch_04.csv, eval_batch_05.csv, eval_batch_21.csv, eval_batch_22.csv, eval_batch_23.csv, eval_batch_24.csv, eval_batch_25.csv",(사)부산국제영화제_2024년 BIFF & ACFM 온라인서비스 재개발 및 행사지원시.hwp,,,,,,,,,,missing,,2,(사)부산국제영화제_2024년 BIFF & ACFM 온라인서비스 재개발 및 행사지원시,Dfe9a9ee9e4,(사)부산국제영화제_2024년 BIFF & ACFM 온라인서비스 재개발 및 행사지원시.hwp | (사)부산국제영화제_2024년 BIFF & ACFM 온라인서비스 재개발 및 행사지원시 | 2024년 BIFF & ACFM 온라인서비스 재개발 및 행사지원시 | 사부산국제영화제2024년BIFF&ACFM온라인서비스재개발및행사지원시.hwp
3,사단법인아시아물위원회사무국_우즈벡-키르기즈스탄 기후변화대응 스,doc_35ade0c5a532,사단법인아시아물위원회사무국_우즈벡-키르기즈스탄 기후변화대응 스.hwp,/Users/apple/Desktop/codeit/project_2nd/chatbot/data/original_data_list/사단법인아시아물위원회사무국_우즈벡-키르기즈스탄 기후변화대응 스.hwp,hwp,True,eval_ground_truth,0,0,27,기타,0,False,,사단법인아시아물위원회사무국,우즈벡-키르기즈스탄 기후변화대응 스,,"eval_batch_01.csv, eval_batch_02.csv, eval_batch_03.csv, eval_batch_04.csv, eval_batch_05.csv, eval_batch_21.csv, eval_batch_22.csv, eval_batch_23.csv, eval_batch_24.csv, eval_batch_25.csv",사단법인아시아물위원회사무국_우즈벡-키르기즈스탄 기후변화대응 스.hwp,,,,,,,,,,missing,,3,사단법인아시아물위원회사무국_우즈벡-키르기즈스탄 기후변화대응 스,D35ade0c5a5,사단법인아시아물위원회사무국_우즈벡-키르기즈스탄 기후변화대응 스.hwp | 사단법인아시아물위원회사무국_우즈벡-키르기즈스탄 기후변화대응 스 | 우즈벡-키르기즈스탄 기후변화대응 스 | 사단법인아시아물위원회사무국우즈벡키르기즈스탄기후변화대응스.hwp
4,울산광역시_2024년 버스정보시스템 확대 구축 및 기능개선 용역,doc_2a2a9ee88f34,울산광역시_2024년 버스정보시스템 확대 구축 및 기능개선 용역.hwp,/Users/apple/Desktop/codeit/project_2nd/chatbot/data/original_data_list/울산광역시_2024년 버스정보시스템 확대 구축 및 기능개선 용역.hwp,hwp,True,eval_ground_truth,0,0,25,고도화,0,False,,울산광역시,2024년 버스정보시스템 확대 구축 및 기능개선 용역,"고도화, 구축","eval_batch_11.csv, eval_batch_12.csv, eval_batch_13.csv, eval_batch_14.csv, eval_batch_15.csv, eval_batch_16.csv, eval_batch_17.csv, eval_batch_18.csv, eval_batch_19.csv, eval_batch_20.csv",울산광역시_2024년 버스정보시스템 확대 구축 및 기능개선 용역.hwp,,,,,,,,,,missing,,4,울산광역시_2024년 버스정보시스템 확대 구축 및 기능개선 용역,D2a2a9ee88f,울산광역시_2024년 버스정보시스템 확대 구축 및 기능개선 용역.hwp | 울산광역시_2024년 버스정보시스템 확대 구축 및 기능개선 용역 | 2024년 버스정보시스템 확대 구축 및 기능개선 용역 | 울산광역시2024년버스정보시스템확대구축및기능개선용역.hwp
5,케빈랩 주식회사_평택시 강소형 스마트시티 AI 기반의 영상감시 시스템,doc_7cd1e6d470d9,케빈랩 주식회사_평택시 강소형 스마트시티 AI 기반의 영상감시 시스템 .hwp,/Users/apple/Desktop/codeit/project_2nd/chatbot/data/original_data_list/케빈랩 주식회사_평택시 강소형 스마트시티 AI 기반의 영상감시 시스템 .hwp,hwp,True,eval_ground_truth,0,0,25,데이터/AI,0,False,,케빈랩 주식회사,평택시 강소형 스마트시티 AI 기반의 영상감시 시스템,데이터/AI,"eval_batch_16.csv, eval_batch_17.csv, eval_batch_18.csv, eval_batch_19.csv, eval_batch_20.csv",케빈랩 주식회사_평택시 강소형 스마트시티 AI 기반의 영상감시 시스템 .hwp,,,,,,,,,,missing,,5,케빈랩 주식회사_평택시 강소형 스마트시티 AI 기반의 영상감시 시스템,D7cd1e6d470,케빈랩 주식회사_평택시 강소형 스마트시티 AI 기반의 영상감시 시스템 .hwp | 케빈랩 주식회사_평택시 강소형 스마트시티 AI 기반의 영상감시 시스템 | 평택시 강소형 스마트시티 AI 기반의 영상감시 시스템 | 케빈랩주식회사평택시강소형스마트시티AI기반의영상감시시스템.hwp
6,한국가스공사_[재공고]차세대 통합정보시스템(ERP) 구축,doc_433d5acb61f1,한국가스공사_[재공고]차세대 통합정보시스템(ERP) 구축.hwp,/Users/apple/Desktop/codeit/project_2nd/chatbot/data/original_data_list/한국가스공사_[재공고]차세대 통합정보시스템(ERP) 구축.hwp,hwp,True,eval_ground_truth,0,0,25,구축,0,False,,한국가스공사,[재공고]차세대 통합정보시스템(ERP) 구축,구축,"eval_batch_01.csv, eval_batch_02.csv, eval_batch_03.csv, eval_batch_04.csv, eval_batch_05.csv, eval_batch_06.csv, eval_batch_08.csv, eval_batch_09.csv, eval_batch_10.csv",한국가스공사_[재공고]차세대 통합정보시스템(ERP) 구축.hwp,,,,,,,,,,missing,,6,한국가스공사_[재공고]차세대 통합정보시스템(ERP) 구축,D433d5acb61,한국가스공사_[재공고]차세대 통합정보시스템(ERP) 구축.hwp | 한국가스공사_[재공고]차세대 통합정보시스템(ERP) 구축 | [재공고]차세대 통합정보시스템(ERP) 구축 | 차세대 통합정보시스템(ERP) 구축 | 한국가스공사재공고차세대통합정보시스템ERP구축.hwp
7,한국원자력연구원_한국원자력연구원 선량평가시스템 고도화,doc_555f8184d8ef,한국원자력연구원_한국원자력연구원 선량평가시스템 고도화.hwp,/Users/apple/Desktop/codeit/project_2nd/chatbot/data/original_data_list/한국원자력연구원_한국원자력연구원 선량평가시스템 고도화.hwp,hwp,True,eval_ground_truth,0,0,25,고도화,0,False,,한국원자력연구원,한국원자력연구원 선량평가시스템 고도화,고도화,"eval_batch_01.csv, eval_batch_02.csv, eval_batch_03.csv, eval_batch_04.csv, eval_batch_05.csv, eval_batch_16.csv, eval_batch_17.csv, eval_batch_18.csv, eval_batch_19.csv, eval_batch_20.csv",한국원자력연구원_한국원자력연구원 선량평가시스템 고도화.hwp,,,,,,,,,,missing,,7,한국원자력연구원_한국원자력연구원 선량평가시스템 고도화,D555f8184d8,한국원자력연구원_한국원자력연구원 선량평가시스템 고도화.hwp | 한국원자력연구원_한국원자력연구원 선량평가시스템 고도화 | 한국원자력연구원 선량평가시스템 고도화 | 한국원자력연구원한국원자력연구원선량평가시스템고도화.hwp
8,KOICA 전자조달_[긴급] [지문] [국제] 우즈베키스탄 열린 의정활동 상하원,doc_39378ed21976,KOICA 전자조달_[긴급] [지문] [국제] 우즈베키스탄 열린 의정활동 상하원 .hwp,/Users/apple/Desktop/codeit/project_2nd/chatbot/data/original_data_list/KOICA 전자조달_[긴급] [지문] [국제] 우즈베키스탄 열린 의정활동 상하원 .hwp,hwp,True,eval_ground_truth,0,0,23,기타,0,False,,KOICA 전자조달,[긴급] [지문] [국제] 우즈베키스탄 열린 의정활동 상하원,,"eval_batch_01.csv, eval_batch_02.csv, eval_batch_03.csv, eval_batch_04.csv, eval_batch_05.csv, eval_batch_16.csv, eval_batch_17.csv, eval_batch_18.csv, eval_batch_19.csv, eval_batch_20.csv",KOICA 전자조달_[긴급] [지문] [국제] 우즈베키스탄 열린 의정활동 상하원 .hwp,,,,,,,,,,missing,,8,KOICA 전자조달_[긴급] [지문] [국제] 우즈베키스탄 열린 의정활동 상하원,D39378ed219,KOICA 전자조달_[긴급] [지문] [국제] 우즈베키스탄 열린 의정활동 상하원 .hwp | KOICA 전자조달_[긴급] [지문] [국제] 우즈베키스탄 열린 의정활동 상하원 | [긴급] [지문] [국제] 우즈베키스탄 열린 의정활동 상하원 | [지문] [국제] 우즈베키스탄 열린 의정활동 상하원 | KOICA전자조달긴급지문국제우즈베키스탄열린의정활동상하원.hwp
9,경희대학교_[입찰공고] 산학협력단 정보시스템 운영 용역업체 선정,doc_89329736bae6,경희대학교_[입찰공고] 산학협력단 정보시스템 운영 용역업체 선정.hwp,/Users/apple/Desktop/codeit/project_2nd/chatbot/data/original_data_list/경희대학교_[입찰공고] 산학협력단 정보시스템 운영 용역업체 선정.hwp,hwp,True,eval_ground_truth,0,0,23,운영,0,False,,경희대학교,[입찰공고] 산학협력단 정보시스템 운영 용역업체 선정,운영,"eval_batch_06.csv, eval_batch_07.csv, eval_batch_08.csv, eval_batch_09.csv, eval_batch_10.csv, eval_batch_16.csv, eval_batch_17.csv, eval_batch_18.csv, eval_batch_19.csv, eval_batch_20.csv",경희대학교_[입찰공고] 산학협력단 정보시스템 운영 용역업체 선정.hwp,,,,,,,,,,missing,,9,경희대학교_[입찰공고] 산학협력단 정보시스템 운영 용역업체 선정,D89329736ba,경희대학교_[입찰공고] 산학협력단 정보시스템 운영 용역업체 선정.hwp | 경희대학교_[입찰공고] 산학협력단 정보시스템 운영 용역업체 선정 | [입찰공고] 산학협력단 정보시스템 운영 용역업체 선정 | 경희대학교입찰공고산학협력단정보시스템운영용역업체선정.hwp
10,한국철도공사 (용역)_예약발매시스템 개량 ISMP 용역,doc_affee7b5f9aa,한국철도공사 (용역)_예약발매시스템 개량 ISMP 용역.hwp,/Users/apple/Desktop/codeit/project_2nd/chatbot/data/original_data_list/한국철도공사 (용역)_예약발매시스템 개량 ISMP 용역.hwp,hwp,True,eval_ground_truth,0,0,23,컨설팅/감리,0,False,,한국철도공사 (용역),예약발매시스템 개량 ISMP 용역,컨설팅/감리,"eval_batch_06.csv, eval_batch_07.csv, eval_batch_08.csv, eval_batch_09.csv, eval_batch_10.csv, eval_batch_11.csv, eval_batch_12.csv, eval_batch_13.csv, eval_batch_14.csv, eval_batch_15.csv",한국철도공사 (용역)_예약발매시스템 개량 ISMP 용역.hwp,,,,,,,,,,missing,,10,한국철도공사 (용역)_예약발매시스템 개량 ISMP 용역,Daffee7b5f9,한국철도공사 (용역)_예약발매시스템 개량 ISMP 용역.hwp | 한국철도공사 (용역)_예약발매시스템 개량 ISMP 용역 | 예약발매시스템 개량 ISMP 용역 | 한국철도공사용역예약발매시스템개량ISMP용역.hwp
11,한국수자원공사_수도사업장 통합 사고분석솔루션 시범구축 용역,doc_60712291e6d7,한국수자원공사_수도사업장 통합 사고분석솔루션 시범구축 용역.hwp,/Users/apple/Desktop/codeit/project_2nd/chatbot/data/original_data_list/한국수자원공사_수도사업장 통합 사고분석솔루션 시범구축 용역.hwp,hwp,True,eval_ground_truth,0,0,22,구축,0,False,,한국수자원공사,수도사업장 통합 사고분석솔루션 시범구축 용역,구축,"eval_batch_06.csv, eval_batch_07.csv, eval_batch_08.csv, eval_batch_09.csv, eval_batch_10.csv, eval_batch_12.csv, eval_batch_13.csv, eval_batch_14.csv, eval_batch_15.csv",한국수자원공사_수도사업장 통합 사고분석솔루션 시범구축 용역.hwp,,,,,,,,,,missing,,11,한국수자원공사_수도사업장 통합 사고분석솔루션 시범구축 용역,D60712291e6,한국수자원공사_수도사업장 통합 사고분석솔루션 시범구축 용역.hwp | 한국수자원공사_수도사업장 통합 사고분석솔루션 시범구축 용역 | 수도사업장 통합 사고분석솔루션 시범구축 용역 | 한국수자원공사수도사업장통합사고분석솔루션시범구축용역.hwp
12,한국수출입은행_(긴급) 모잠비크 마푸토 지능형교통시스템(ITS) 구축사업,doc_a54183828789,한국수출입은행_(긴급) 모잠비크 마푸토 지능형교통시스템(ITS) 구축사업.hwp,/Users/apple/Desktop/codeit/project_2nd/chatbot/data/original_data_list/한국수출입은행_(긴급) 모잠비크 마푸토 지능형교통시스템(ITS) 구축사업.hwp,hwp,True,eval_ground_truth,0,0,22,구축,0,False,,한국수출입은행,(긴급) 모잠비크 마푸토 지능형교통시스템(ITS) 구축사업,구축,"eval_batch_01.csv, eval_batch_02.csv, eval_batch_03.csv, eval_batch_04.csv, eval_batch_05.csv, eval_batch_06.csv, eval_batch_07.csv, eval_batch_08.csv, eval_batch_09.csv, eval_batch_10.csv",한국수출입은행_(긴급) 모잠비크 마푸토 지능형교통시스템(ITS) 구축사업.hwp,,,,,,,,,,missing,,12,한국수출입은행_(긴급) 모잠비크 마푸토 지능형교통시스템(ITS) 구축사업,Da541838287,한국수출입은행_(긴급) 모잠비크 마푸토 지능형교통시스템(ITS) 구축사업.hwp | 한국수출입은행_(긴급) 모잠비크 마푸토 지능형교통시스템(ITS) 구축사업 | (긴급) 모잠비크 마푸토 지능형교통시스템(ITS) 구축사업 | 모잠비크 마푸토 지능형교통시스템(ITS) 구축사업 | 한국수출입은행긴급모잠비크마푸토지능형교통시스템ITS구축사업.hwp
13,한국보건산업진흥원_의료기기산업 종합정보시스템(정보관리기관) 기능,doc_c9cfcccbc1f4,한국보건산업진흥원_의료기기산업 종합정보시스템(정보관리기관) 기능.hwp,/Users/apple/Desktop/codeit/project_2nd/chatbot/data/original_data_list/한국보건산업진흥원_의료기기산업 종합정보시스템(정보관리기관) 기능.hwp,hwp,True,eval_ground_truth,0,0,21,기타,0,False,,한국보건산업진흥원,의료기기산업 종합정보시스템(정보관리기관) 기능,,"eval_batch_11.csv, eval_batch_12.csv, eval_batch_13.csv, eval_batch_14.csv, eval_batch_15.csv, eval_batch_21.csv, eval_batch_22.csv, eval_batch_23.csv, eval_batch_25.csv",한국보건산업진흥원_의료기기산업 종합정보시스템(정보관리기관) 기능.hwp,,,,,,,,,,missing,,13,한국보건산업진흥원_의료기기산업 종합정보시스템(정보관리기관) 기능,Dc9cfcccbc1,한국보건산업진흥원_의료기기산업 종합정보시스템(정보관리기관) 기능.hwp | 한국보건산업진흥원_의료기기산업 종합정보시스템(정보관리기관) 기능 | 의료기기산업 종합정보시스템(정보관리기관) 기능 | 한국보건산업진흥원의료기기산업종합정보시스템정보관리기관기능.hwp
14,광주과학기술원_실시간통합연구비관리시스템(RCMS) 연계 모듈 변경 사업,doc_1bd32fafebb5,광주과학기술원_실시간통합연구비관리시스템(RCMS)  연계 모듈 변경 사업.hwp,/Users/apple/Desktop/codeit/project_2nd/chatbot/data/original_data_list/광주과학기술원_실시간통합연구비관리시스템(RCMS)  연계 모듈 변경 사업.hwp,hwp,True,eval_ground_truth,0,0,20,기타,0,False,,광주과학기술원,실시간통합연구비관리시스템(RCMS) 연계 모듈 변경 사업,,"eval_batch_16.csv, eval_batch_17.csv, eval_batch_18.csv, eval_batch_19.csv, eval_batch_20.csv",광주과학기술원_실시간통합연구비관리시스템(RCMS)  연계 모듈 변경 사업.hwp,,,,,,,,,,missing,,14,광주과학기술원_실시간통합연구비관리시스템(RCMS) 연계 모듈 변경 사업,D1bd32fafeb,광주과학기술원_실시간통합연구비관리시스템(RCMS) 연계 모듈 변경 사업.hwp | 광주과학기술원_실시간통합연구비관리시스템(RCMS) 연계 모듈 변경 사업 | 실시간통합연구비관리시스템(RCMS) 연계 모듈 변경 사업 | 광주과학기술원실시간통합연구비관리시스템RCMS연계모듈변경사업.hwp
15,대검찰청_아태 사이버범죄 역량강화 허브(APC-HUB) 홈페이지 및 온라인 교,doc_e313514061e0,대검찰청_아태 사이버범죄 역량강화 허브(APC-HUB) 홈페이지 및 온라인 교.hwp,/Users/apple/Desktop/codeit/project_2nd/chatbot/data/original_data_list/대검찰청_아태 사이버범죄 역량강화 허브(APC-HUB) 홈페이지 및 온라인 교.hwp,hwp,True,eval_ground_truth,0,0,20,홈페이지/포털,0,False,,대검찰청,아태 사이버범죄 역량강화 허브(APC-HUB) 홈페이지 및 온라인 교,홈페이지/포털,"eval_batch_21.csv, eval_batch_22.csv, eval_batch_23.csv, eval_batch_24.csv, eval_batch_25.csv",대검찰청_아태 사이버범죄 역량강화 허브(APC-HUB) 홈페이지 및 온라인 교.hwp,,,,,,,,,,missing,,15,대검찰청_아태 사이버범죄 역량강화 허브(APC-HUB) 홈페이지 및 온라인 교,De313514061,대검찰청_아태 사이버범죄 역량강화 허브(APC-HUB) 홈페이지 및 온라인 교.hwp | 대검찰청_아태 사이버범죄 역량강화 허브(APC-HUB) 홈페이지 및 온라인 교 | 아태 사이버범죄 역량강화 허브(APC-HUB) 홈페이지 및 온라인 교 | 대검찰청아태사이버범죄역량강화허브APCHUB홈페이지및온라인교.hwp
16,부산관광공사_경영정보시스템 기능개선,doc_0d1c990ca128,부산관광공사_경영정보시스템 기능개선.hwp,/Users/apple/Desktop/codeit/project_2nd/chatbot/data/original_data_list/부산관광공사_경영정보시스템 기능개선.hwp,hwp,True,eval_ground_truth,0,0,20,고도화,0,False,,부산관광공사,경영정보시스템 기능개선,고도화,"eval_batch_21.csv, eval_batch_22.csv, eval_batch_23.csv, eval_batch_24.csv, eval_batch_25.csv",부산관광공사_경영정보시스템 기능개선.hwp,,,,,,,,,,missing,,16,부산관광공사_경영정보시스템 기능개선,D0d1c990ca1,부산관광공사_경영정보시스템 기능개선.hwp | 부산관광공사_경영정보시스템 기능개선 | 경영정보시스템 기능개선 | 부산관광공사경영정보시스템기능개선.hwp
17,인천광역시_도시계획위원회 통합관리시스템 구축용역,doc_36c827452dcb,인천광역시_도시계획위원회 통합관리시스템 구축용역.hwp,/Users/apple/Desktop/codeit/project_2nd/chatbot/data/original_data_list/인천광역시_도시계획위원회 통합관리시스템 구축용역.hwp,hwp,True,eval_ground_truth,0,0,20,구축,0,False,,인천광역시,도시계획위원회 통합관리시스템 구축용역,구축,"eval_batch_01.csv, eval_batch_02.csv, eval_batch_03.csv, eval_batch_04.csv, eval_batch_05.csv, eval_batch_06.csv, eval_batch_07.csv, eval_batch_08.csv, eval_batch_09.csv, eval_batch_10.csv",인천광역시_도시계획위원회 통합관리시스템 구축용역.hwp,,,,,,,,,,missing,,17,인천광역시_도시계획위원회 통합관리시스템 구축용역,D36c827452d,인천광역시_도시계획위원회 통합관리시스템 구축용역.hwp | 인천광역시_도시계획위원회 통합관리시스템 구축용역 | 도시계획위원회 통합관리시스템 구축용역 | 인천광역시도시계획위원회통합관리시스템구축용역.hwp
18,한국연구재단_2024년 대학산학협력활동 실태조사 시스템(UICC) 기능개선,doc_64965a9eb991,한국연구재단_2024년 대학산학협력활동 실태조사 시스템(UICC) 기능개선.hwp,/Users/apple/Desktop/codeit/project_2nd/chatbot/data/original_data_list/한국연구재단_2024년 대학산학협력활동 실태조사 시스템(UICC) 기능개선.hwp,hwp,True,eval_ground_truth,0,0,19,고도화,0,False,,한국연구재단,2024년 대학산학협력활동 실태조사 시스템(UICC) 기능개선,고도화,"eval_batch_06.csv, eval_batch_07.csv, eval_batch_08.csv, eval_batch_09.csv, eval_batch_10.csv, eval_batch_21.csv, eval_batch_22.csv, eval_batch_23.csv, eval_batch_25.csv",한국연구재단_2024년 대학산학협력활동 실태조사 시스템(UICC) 기능개선.hwp,,,,,,,,,,missing,,18,한국연구재단_2024년 대학산학협력활동 실태조사 시스템(UICC) 기능개선,D64965a9eb9,한국연구재단_2024년 대학산학협력활동 실태조사 시스템(UICC) 기능개선.hwp | 한국연구재단_2024년 대학산학협력활동 실태조사 시스템(UICC) 기능개선 | 2024년 대학산학협력활동 실태조사 시스템(UICC) 기능개선 | 한국연구재단2024년대학산학협력활동실태조사시스템UICC기능개선.hwp
19,서울시립대학교_[사전공개] 학업성취도 다차원 종단분석 통합시스템 1차,doc_9edc7e2516e8,서울시립대학교_[사전공개] 학업성취도 다차원 종단분석 통합시스템 1차.pdf,/Users/apple/Desktop/codeit/project_2nd/chatbot/data/original_data_list/서울시립대학교_[사전공개] 학업성취도 다차원 종단분석 통합시스템 1차.pdf,pdf,True,eval_ground_truth,1,1,18,기타,0,False,,서울시립대학교,[사전공개] 학업성취도 다차원 종단분석 통합시스템 1차,,"eval_batch_16.csv, eval_batch_17.csv, eval_batch_18.csv, eval_batch_19.csv, eval_batch_20.csv",서울시립대학교_[사전공개] 학업성취도 다차원 종단분석 통합시스템 1차.pdf,,,,,,,,,,missing,,19,서울시립대학교_[사전공개] 학업성취도 다차원 종단분석 통합시스템 1차,D9edc7e2516,서울시립대학교_[사전공개] 학업성취도 다차원 종단분석 통합시스템 1차.pdf | 서울시립대학교_[사전공개] 학업성취도 다차원 종단분석 통합시스템 1차 | [사전공개] 학업성취도 다차원 종단분석 통합시스템 1차 | 서울시립대학교사전공개학업성취도다차원종단분석통합시스템1차.pdf
20,인천공항운영서비스(주)_인천공항운영서비스㈜ 차세대 ERP시스템 구축,doc_b2894d497c39,인천공항운영서비스(주)_인천공항운영서비스㈜ 차세대 ERP시스템 구축 .hwp,/Users/apple/Desktop/codeit/project_2nd/chatbot/data/original_data_list/인천공항운영서비스(주)_인천공항운영서비스㈜ 차세대 ERP시스템 구축 .hwp,hwp,True,eval_ground_truth,0,0,18,구축,0,False,,인천공항운영서비스(주),인천공항운영서비스㈜ 차세대 ERP시스템 구축,"구축, 운영","eval_batch_06.csv, eval_batch_07.csv, eval_batch_08.csv, eval_batch_09.csv, eval_batch_10.csv",인천공항운영서비스(주)_인천공항운서비스㈜ 차세대 ERP시스템 구축 .hwp | 인천공항운영서비스(주)_인천공항운영서비스㈜ 차세대 ERP시스템 구축 .hwp,,,,,,,,,,missing,,20,인천공항운영서비스(주)_인천공항운영서비스㈜ 차세대 ERP시스템 구축,Db2894d497c,인천공항운영서비스(주)_인천공항운영서비스㈜ 차세대 ERP시스템 구축 .hwp | 인천공항운영서비스(주)_인천공항운영서비스㈜ 차세대 ERP시스템 구축 | 인천공항운영서비스㈜ 차세대 ERP시스템 구축 | 인천공항운영서비스주인천공항운영서비스㈜차세대ERP시스템구축.hwp
21,남서울대학교_[혁신-국고] 남서울대학교 스마트 정보시스템 활성화(학사,doc_72559ffc5196,남서울대학교_[혁신-국고] 남서울대학교 스마트 정보시스템 활성화(학사.hwp,/Users/apple/Desktop/codeit/project_2nd/chatbot/data/original_data_list/남서울대학교_[혁신-국고] 남서울대학교 스마트 정보시스템 활성화(학사.hwp,hwp,True,eval_ground_truth,0,0,17,기타,0,False,,남서울대학교,[혁신-국고] 남서울대학교 스마트 정보시스템 활성화(학사,,"eval_batch_21.csv, eval_batch_22.csv, eval_batch_23.csv, eval_batch_24.csv, eval_batch_25.csv",남서울대학교_[혁신-국고] 남서울대학교 스마트 정보시스템 활성화(학사.hwp,,,,,,,,,,missing,,21,남서울대학교_[혁신-국고] 남서울대학교 스마트 정보시스템 활성화(학사,D72559ffc51,남서울대학교_[혁신-국고] 남서울대학교 스마트 정보시스템 활성화(학사.hwp | 남서울대학교_[혁신-국고] 남서울대학교 스마트 정보시스템 활성화(학사 | [혁신-국고] 남서울대학교 스마트 정보시스템 활성화(학사 | 남서울대학교혁신국고남서울대학교스마트정보시스템활성화학사.hwp
22,인천광역시_인천일자리플랫폼 정보시스템 구축 ISP 수립용역,doc_ffb7757baaf9,인천광역시_인천일자리플랫폼 정보시스템 구축 ISP 수립용역.hwp,/Users/apple/Desktop/codeit/project_2nd/chatbot/data/original_data_list/인천광역시_인천일자리플랫폼 정보시스템 구축 ISP 수립용역.hwp,hwp,True,eval_ground_truth,0,0,17,구축,0,False,,인천광역시,인천일자리플랫폼 정보시스템 구축 ISP 수립용역,"구축, 컨설팅/감리","eval_batch_06.csv, eval_batch_07.csv, eval_batch_08.csv, eval_batch_09.csv, eval_batch_10.csv",인천광역시_인천일자리플랫폼 정보시스템 구축 ISP 수립용역.hwp,,,,,,,,,,missing,,22,인천광역시_인천일자리플랫폼 정보시스템 구축 ISP 수립용역,Dffb7757baa,인천광역시_인천일자리플랫폼 정보시스템 구축 ISP 수립용역.hwp | 인천광역시_인천일자리플랫폼 정보시스템 구축 ISP 수립용역 | 인천일자리플랫폼 정보시스템 구축 ISP 수립용역 | 인천광역시인천일자리플랫폼정보시스템구축ISP수립용역.hwp
23,한국교육과정평가원_국가교육과정정보센터(NCIC) 시스템 운영 및 개선,doc_0efd3b55420f,한국교육과정평가원_국가교육과정정보센터(NCIC) 시스템 운영 및 개선.hwp,/Users/apple/Desktop/codeit/project_2nd/chatbot/data/original_data_list/한국교육과정평가원_국가교육과정정보센터(NCIC) 시스템 운영 및 개선.hwp,hwp,True,eval_ground_truth,0,0,17,고도화,0,False,,한국교육과정평가원,국가교육과정정보센터(NCIC) 시스템 운영 및 개선,"고도화, 운영","eval_batch_16.csv, eval_batch_17.csv, eval_batch_18.csv, eval_batch_19.csv, eval_batch_20.csv",한국교육과정평가원_국가교육과정정보센터(NCIC) 시스템 운영 및 개선.hwp,,,,,,,,,,missing,,23,한국교육과정평가원_국가교육과정정보센터(NCIC) 시스템 운영 및 개선,D0efd3b5542,한국교육과정평가원_국가교육과정정보센터(NCIC) 시스템 운영 및 개선.hwp | 한국교육과정평가원_국가교육과정정보센터(NCIC) 시스템 운영 및 개선 | 국가교육과정정보센터(NCIC) 시스템 운영 및 개선 | 한국교육과정평가원국가교육과정정보센터NCIC시스템운영및개선.hwp
24,국방과학연구소_대용량 자료전송시스템 고도화,doc_699cb9685d55,국방과학연구소_대용량 자료전송시스템 고도화.hwp,/Users/apple/Desktop/codeit/project_2nd/chatbot/data/original_data_list/국방과학연구소_대용량 자료전송시스템 고도화.hwp,hwp,True,eval_ground_truth,0,0,16,고도화,0,False,,국방과학연구소,대용량 자료전송시스템 고도화,고도화,"eval_batch_11.csv, eval_batch_12.csv, eval_batch_13.csv, eval_batch_14.csv, eval_batch_15.csv",국방과학연구소_대용량 자료전송시스템 고도화.hwp,,,,,,,,,,missing,,24,국방과학연구소_대용량 자료전송시스템 고도화,D699cb9685d,국방과학연구소_대용량 자료전송시스템 고도화.hwp | 국방과학연구소_대용량 자료전송시스템 고도화 | 대용량 자료전송시스템 고도화 | 국방과학연구소대용량자료전송시스템고도화.hwp
25,고양도시관리공사_관산근린공원 다목적구장 홈페이지 및 회원 통합운영,doc_8391f5b3b50f,고양도시관리공사_관산근린공원 다목적구장 홈페이지 및 회원 통합운영.hwp,/Users/apple/Desktop/codeit/project_2nd/chatbot/data/original_data_list/고양도시관리공사_관산근린공원 다목적구장 홈페이지 및 회원 통합운영.hwp,hwp,True,eval_ground_truth,0,0,15,운영,0,False,,고양도시관리공사,관산근린공원 다목적구장 홈페이지 및 회원 통합운영,"운영, 홈페이지/포털","eval_batch_21.csv, eval_batch_22.csv, eval_batch_23.csv, eval_batch_24.csv, eval_batch_25.csv",고양도시관리공사_관산근린공원 다목적구장 홈페이지 및 회원 통합운영.hwp,,,,,,,,,,missing,,25,고양도시관리공사_관산근린공원 다목적구장 홈페이지 및 회원 통합운영,D8391f5b3b5,고양도시관리공사_관산근린공원 다목적구장 홈페이지 및 회원 통합운영.hwp | 고양도시관리공사_관산근린공원 다목적구장 홈페이지 및 회원 통합운영 | 관산근린공원 다목적구장 홈페이지 및 회원 통합운영 | 고양도시관리공사관산근린공원다목적구장홈페이지및회원통합운영.hwp
26,국립중앙의료원_(긴급)「2024년도 차세대 응급의료 상황관리시스템 구축,doc_96a82d12ed5b,국립중앙의료원_(긴급)「2024년도 차세대 응급의료 상황관리시스템 구축.hwp,/Users/apple/Desktop/codeit/project_2nd/chatbot/data/original_data_list/국립중앙의료원_(긴급)「2024년도 차세대 응급의료 상황관리시스템 구축.hwp,hwp,True,eval_ground_truth,0,0,15,구축,0,False,,국립중앙의료원,(긴급)「2024년도 차세대 응급의료 상황관리시스템 구축,구축,"eval_batch_01.csv, eval_batch_02.csv, eval_batch_03.csv, eval_batch_04.csv, eval_batch_05.csv",국립중앙의료원_(긴급)「2024년도 차세대 응급의료 상황관리시스템 구축.hwp,,,,,,,,,,missing,,26,국립중앙의료원_(긴급)「2024년도 차세대 응급의료 상황관리시스템 구축,D96a82d12ed,국립중앙의료원_(긴급)「2024년도 차세대 응급의료 상황관리시스템 구축.hwp | 국립중앙의료원_(긴급)「2024년도 차세대 응급의료 상황관리시스템 구축 | (긴급)「2024년도 차세대 응급의료 상황관리시스템 구축 | 「2024년도 차세대 응급의료 상황관리시스템 구축 | 국립중앙의료원긴급「2024년도차세대응급의료상황관리시스템구축.hwp
27,나노종합기술원_스마트 팹 서비스 활용체계 구축관련 설비온라인 시스,doc_4ccb303d3fc4,나노종합기술원_스마트 팹 서비스 활용체계 구축관련 설비온라인 시스.hwp,/Users/apple/Desktop/codeit/project_2nd/chatbot/data/original_data_list/나노종합기술원_스마트 팹 서비스 활용체계 구축관련 설비온라인 시스.hwp,hwp,True,eval_ground_truth,0,0,15,구축,0,False,,나노종합기술원,스마트 팹 서비스 활용체계 구축관련 설비온라인 시스,구축,"eval_batch_01.csv, eval_batch_02.csv, eval_batch_03.csv, eval_batch_04.csv, eval_batch_05.csv",나노종합기술원_스마트 팹 서비스 활용체계 구축관련 설비온라인 시스.hwp,,,,,,,,,,missing,,27,나노종합기술원_스마트 팹 서비스 활용체계 구축관련 설비온라인 시스,D4ccb303d3f,나노종합기술원_스마트 팹 서비스 활용체계 구축관련 설비온라인 시스.hwp | 나노종합기술원_스마트 팹 서비스 활용체계 구축관련 설비온라인 시스 | 스마트 팹 서비스 활용체계 구축관련 설비온라인 시스 | 나노종합기술원스마트팹서비스활용체계구축관련설비온라인시스.hwp
28,"서울특별시 여성가족재단_(재공고, 협상) 서울 디지털성범죄 안심지원센",doc_e62d1e8480a6,"서울특별시 여성가족재단_(재공고, 협상) 서울 디지털성범죄 안심지원센.hwp","/Users/apple/Desktop/codeit/project_2nd/chatbot/data/original_data_list/서울특별시 여성가족재단_(재공고, 협상) 서울 디지털성범죄 안심지원센.hwp",hwp,True,eval_ground_truth,0,0,15,기타,0,False,,서울특별시 여성가족재단,"(재공고, 협상) 서울 디지털성범죄 안심지원센",,"eval_batch_21.csv, eval_batch_22.csv, eval_batch_23.csv, eval_batch_24.csv, eval_batch_25.csv","서울특별시 여성가족재단_(재공고, 협상) 서울 디지털성범죄 안심지원센.hwp",,,,,,,,,,missing,,28,"서울특별시 여성가족재단_(재공고, 협상) 서울 디지털성범죄 안심지원센",De62d1e8480,"서울특별시 여성가족재단_(재공고, 협상) 서울 디지털성범죄 안심지원센.hwp | 서울특별시 여성가족재단_(재공고, 협상) 서울 디지털성범죄 안심지원센 | (재공고, 협상) 서울 디지털성범죄 안심지원센 | , 협상) 서울 디지털성범죄 안심지원센 | 서울특별시여성가족재단재공고,협상서울디지털성범죄안심지원센.hwp"
29,한국생산기술연구원_2세대 전자조달시스템 기반구축사업,doc_fb5bc375292c,한국생산기술연구원_2세대 전자조달시스템  기반구축사업.hwp,/Users/apple/Desktop/codeit/project_2nd/chatbot/data/original_data_list/한국생산기술연구원_2세대 전자조달시스템  기반구축사업.hwp,hwp,True,eval_ground_truth,0,0,15,구축,0,False,,한국생산기술연구원,2세대 전자조달시스템 기반구축사업,구축,"eval_batch_11.csv, eval_batch_12.csv, eval_batch_13.csv, eval_batch_14.csv, eval_batch_15.csv",한국생산기술연구원_2세대 전자조달시스템  기반구축사업.hwp,,,,,,,,,,missing,,29,한국생산기술연구원_2세대 전자조달시스템 기반구축사업,Dfb5bc37529,한국생산기술연구원_2세대 전자조달시스템 기반구축사업.hwp | 한국생산기술연구원_2세대 전자조달시스템 기반구축사업 | 2세대 전자조달시스템 기반구축사업 | 한국생산기술연구원2세대전자조달시스템기반구축사업.hwp
30,한국철도공사 (용역)_모바일오피스 시스템 고도화 용역(총체 및 1차),doc_e202bc993862,한국철도공사 (용역)_모바일오피스 시스템 고도화 용역(총체 및 1차).hwp,/Users/apple/Desktop/codeit/project_2nd/chatbot/data/original_data_list/한국철도공사 (용역)_모바일오피스 시스템 고도화 용역(총체 및 1차).hwp,hwp,True,eval_ground_truth,0,0,15,고도화,0,False,,한국철도공사 (용역),모바일오피스 시스템 고도화 용역(총체 및 1차),고도화,"eval_batch_06.csv, eval_batch_07.csv, eval_batch_08.csv, eval_batch_09.csv, eval_batch_10.csv, eval_batch_16.csv, eval_batch_17.csv, eval_batch_18.csv, eval_batch_19.csv",한국철도공사 (용역)_모바일오피스 시스템 고도화 용역(총체 및 1차).hwp,,,,,,,,,,missing,,30,한국철도공사 (용역)_모바일오피스 시스템 고도화 용역(총체 및 1차),De202bc9938,한국철도공사 (용역)_모바일오피스 시스템 고도화 용역(총체 및 1차).hwp | 한국철도공사 (용역)_모바일오피스 시스템 고도화 용역(총체 및 1차) | 모바일오피스 시스템 고도화 용역(총체 및 1차) | 한국철도공사용역모바일오피스시스템고도화용역총체및1차.hwp
31,그랜드코리아레저(주)_2024년도 GKL 그룹웨어 시스템 구축 용역,doc_b047ec461265,그랜드코리아레저(주)_2024년도 GKL  그룹웨어 시스템 구축 용역.hwp,/Users/apple/Desktop/codeit/project_2nd/chatbot/data/original_data_list/그랜드코리아레저(주)_2024년도 GKL  그룹웨어 시스템 구축 용역.hwp,hwp,True,eval_ground_truth,0,0,14,구축,0,False,,그랜드코리아레저(주),2024년도 GKL 그룹웨어 시스템 구축 용역,구축,"eval_batch_01.csv, eval_batch_02.csv, eval_batch_03.csv, eval_batch_04.csv, eval_batch_05.csv",그랜드코리아레저(주)_2024년도 GKL  그룹웨어 시스템 구축 용역.hwp,,,,,,,,,,missing,,31,그랜드코리아레저(주)_2024년도 GKL 그룹웨어 시스템 구축 용역,Db047ec4612,그랜드코리아레저(주)_2024년도 GKL 그룹웨어 시스템 구축 용역.hwp | 그랜드코리아레저(주)_2024년도 GKL 그룹웨어 시스템 구축 용역 | 2024년도 GKL 그룹웨어 시스템 구축 용역 | 그랜드코리아레저주2024년도GKL그룹웨어시스템구축용역.hwp
32,대한상공회의소_기업 재생에너지 지원센터 홈페이지 개편 및 시스템 고,doc_7f128c9a0991,대한상공회의소_기업 재생에너지 지원센터 홈페이지 개편 및 시스템 고.hwp,/Users/apple/Desktop/codeit/project_2nd/chatbot/data/original_data_list/대한상공회의소_기업 재생에너지 지원센터 홈페이지 개편 및 시스템 고.hwp,hwp,True,eval_ground_truth,0,0,14,홈페이지/포털,0,False,,대한상공회의소,기업 재생에너지 지원센터 홈페이지 개편 및 시스템 고,홈페이지/포털,"eval_batch_16.csv, eval_batch_17.csv, eval_batch_18.csv, eval_batch_19.csv, eval_batch_20.csv",대한상공회의소_기업 재생에너지 지원센터 홈페이지 개편 및 시스템 고.hwp,,,,,,,,,,missing,,32,대한상공회의소_기업 재생에너지 지원센터 홈페이지 개편 및 시스템 고,D7f128c9a09,대한상공회의소_기업 재생에너지 지원센터 홈페이지 개편 및 시스템 고.hwp | 대한상공회의소_기업 재생에너지 지원센터 홈페이지 개편 및 시스템 고 | 기업 재생에너지 지원센터 홈페이지 개편 및 시스템 고 | 대한상공회의소기업재생에너지지원센터홈페이지개편및시스템고.hwp
33,사단법인 보험개발원_실손보험 청구 전산화 시스템 구축 사업,doc_ff6b5f6cfc3f,사단법인 보험개발원_실손보험 청구 전산화 시스템 구축 사업.hwp,/Users/apple/Desktop/codeit/project_2nd/chatbot/data/original_data_list/사단법인 보험개발원_실손보험 청구 전산화 시스템 구축 사업.hwp,hwp,True,eval_ground_truth,0,0,14,구축,0,False,,사단법인 보험개발원,실손보험 청구 전산화 시스템 구축 사업,구축,"eval_batch_11.csv, eval_batch_12.csv, eval_batch_13.csv, eval_batch_14.csv, eval_batch_15.csv",사단법인 보험개발원_실손보험 청구 전산화 시스템 구축 사업.hwp,,,,,,,,,,missing,,33,사단법인 보험개발원_실손보험 청구 전산화 시스템 구축 사업,Dff6b5f6cfc,사단법인 보험개발원_실손보험 청구 전산화 시스템 구축 사업.hwp | 사단법인 보험개발원_실손보험 청구 전산화 시스템 구축 사업 | 실손보험 청구 전산화 시스템 구축 사업 | 사단법인보험개발원실손보험청구전산화시스템구축사업.hwp
34,을지대학교_을지대학교 비교과시스템 개발,doc_c36a4de5f236,을지대학교_을지대학교 비교과시스템 개발.hwp,/Users/apple/Desktop/codeit/project_2nd/chatbot/data/original_data_list/을지대학교_을지대학교 비교과시스템 개발.hwp,hwp,True,eval_ground_truth,0,0,14,구축,0,False,,을지대학교,을지대학교 비교과시스템 개발,구축,"eval_batch_11.csv, eval_batch_12.csv, eval_batch_13.csv, eval_batch_14.csv, eval_batch_15.csv, eval_batch_17.csv, eval_batch_18.csv, eval_batch_19.csv, eval_batch_20.csv",을지대학교_을지대학교 비교과시스템 개발.hwp,,,,,,,,,,missing,,34,을지대학교_을지대학교 비교과시스템 개발,Dc36a4de5f2,을지대학교_을지대학교 비교과시스템 개발.hwp | 을지대학교_을지대학교 비교과시스템 개발 | 을지대학교 비교과시스템 개발 | 을지대학교을지대학교비교과시스템개발.hwp
35,재단법인 광주광역시 광주문화재단_2024년 광주문화예술통합플랫폼 시스,doc_743760c377a9,재단법인 광주광역시 광주문화재단_2024년 광주문화예술통합플랫폼 시스.hwp,/Users/apple/Desktop/codeit/project_2nd/chatbot/data/original_data_list/재단법인 광주광역시 광주문화재단_2024년 광주문화예술통합플랫폼 시스.hwp,hwp,True,eval_ground_truth,0,0,14,기타,0,False,,재단법인 광주광역시 광주문화재단,2024년 광주문화예술통합플랫폼 시스,,"eval_batch_21.csv, eval_batch_22.csv, eval_batch_23.csv, eval_batch_24.csv, eval_batch_25.csv",재단법인 광주광역시 광주문화재단_2024년 광주문화예술통합플랫폼 시스.hwp,,,,,,,,,,missing,,35,재단법인 광주광역시 광주문화재단_2024년 광주문화예술통합플랫폼 시스,D743760c377,재단법인 광주광역시 광주문화재단_2024년 광주문화예술통합플랫폼 시스.hwp | 재단법인 광주광역시 광주문화재단_2024년 광주문화예술통합플랫폼 시스 | 2024년 광주문화예술통합플랫폼 시스 | 재단법인광주광역시광주문화재단2024년광주문화예술통합플랫폼시스.hwp
36,국방과학연구소_기록관리시스템 통합 활용 및 보안 환경 구축,doc_e4e4d519e8ae,국방과학연구소_기록관리시스템 통합 활용 및 보안 환경 구축.hwp,/Users/apple/Desktop/codeit/project_2nd/chatbot/data/original_data_list/국방과학연구소_기록관리시스템 통합 활용 및 보안 환경 구축.hwp,hwp,True,eval_ground_truth,0,0,13,구축,0,False,,국방과학연구소,기록관리시스템 통합 활용 및 보안 환경 구축,"구축, 보안","eval_batch_11.csv, eval_batch_12.csv, eval_batch_13.csv, eval_batch_14.csv, eval_batch_15.csv",국방과학연구소_기록관리시스템 통합 활용 및 보안 환경 구축.hwp,,,,,,,,,,missing,,36,국방과학연구소_기록관리시스템 통합 활용 및 보안 환경 구축,De4e4d519e8,국방과학연구소_기록관리시스템 통합 활용 및 보안 환경 구축.hwp | 국방과학연구소_기록관리시스템 통합 활용 및 보안 환경 구축 | 기록관리시스템 통합 활용 및 보안 환경 구축 | 국방과학연구소기록관리시스템통합활용및보안환경구축.hwp
37,한국수자원공사_건설통합시스템(CMS) 고도화,doc_9b1bfb38e652,한국수자원공사_건설통합시스템(CMS) 고도화.hwp,/Users/apple/Desktop/codeit/project_2nd/chatbot/data/original_data_list/한국수자원공사_건설통합시스템(CMS) 고도화.hwp,hwp,True,eval_ground_truth,0,0,13,고도화,0,False,,한국수자원공사,건설통합시스템(CMS) 고도화,고도화,"eval_batch_11.csv, eval_batch_12.csv, eval_batch_13.csv, eval_batch_14.csv, eval_batch_15.csv",한국수자원공사_건설통합시스템(CMS) 고도화.hwp,,,,,,,,,,missing,,37,한국수자원공사_건설통합시스템(CMS) 고도화,D9b1bfb38e6,한국수자원공사_건설통합시스템(CMS) 고도화.hwp | 한국수자원공사_건설통합시스템(CMS) 고도화 | 건설통합시스템(CMS) 고도화 | 한국수자원공사건설통합시스템CMS고도화.hwp
38,한국수자원공사_용인 첨단 시스템반도체 국가산단 용수공급사업 타당성,doc_6b466745a576,한국수자원공사_용인 첨단 시스템반도체 국가산단 용수공급사업 타당성.hwp,/Users/apple/Desktop/codeit/project_2nd/chatbot/data/original_data_list/한국수자원공사_용인 첨단 시스템반도체 국가산단 용수공급사업 타당성.hwp,hwp,True,eval_ground_truth,0,0,13,기타,0,False,,한국수자원공사,용인 첨단 시스템반도체 국가산단 용수공급사업 타당성,,"eval_batch_01.csv, eval_batch_02.csv, eval_batch_03.csv, eval_batch_04.csv, eval_batch_05.csv",한국수자원공사_용인 첨단 시스템반도체 국가산단 용수공급사업 타당성.hwp,,,,,,,,,,missing,,38,한국수자원공사_용인 첨단 시스템반도체 국가산단 용수공급사업 타당성,D6b466745a5,한국수자원공사_용인 첨단 시스템반도체 국가산단 용수공급사업 타당성.hwp | 한국수자원공사_용인 첨단 시스템반도체 국가산단 용수공급사업 타당성 | 용인 첨단 시스템반도체 국가산단 용수공급사업 타당성 | 한국수자원공사용인첨단시스템반도체국가산단용수공급사업타당성.hwp
39,한국연구재단_2024년 기초학문자료센터 시스템 운영 및 연구성과물 DB구,doc_9dfe314689f4,한국연구재단_2024년 기초학문자료센터 시스템 운영 및 연구성과물 DB구.hwp,/Users/apple/Desktop/codeit/project_2nd/chatbot/data/original_data_list/한국연구재단_2024년 기초학문자료센터 시스템 운영 및 연구성과물 DB구.hwp,hwp,True,eval_ground_truth,0,0,13,운영,0,False,,한국연구재단,2024년 기초학문자료센터 시스템 운영 및 연구성과물 DB구,운영,"eval_batch_06.csv, eval_batch_07.csv, eval_batch_08.csv, eval_batch_09.csv, eval_batch_10.csv",한국연구재단_2024년 기초학문자료센터 시스템 운영 및 연구성과물 DB구.hwp,,,,,,,,,,missing,,39,한국연구재단_2024년 기초학문자료센터 시스템 운영 및 연구성과물 DB구,D9dfe314689,한국연구재단_2024년 기초학문자료센터 시스템 운영 및 연구성과물 DB구.hwp | 한국연구재단_2024년 기초학문자료센터 시스템 운영 및 연구성과물 DB구 | 2024년 기초학문자료센터 시스템 운영 및 연구성과물 DB구 | 한국연구재단2024년기초학문자료센터시스템운영및연구성과물DB구.hwp
40,한국철도공사 (용역)_[재공고][긴급][협상형]운행정보기록 자동분석시스,doc_6c8d49d36d9f,한국철도공사 (용역)_[재공고][긴급][협상형]운행정보기록 자동분석시스.hwp,/Users/apple/Desktop/codeit/project_2nd/chatbot/data/original_data_list/한국철도공사 (용역)_[재공고][긴급][협상형]운행정보기록 자동분석시스.hwp,hwp,True,eval_ground_truth,0,0,10,기타,0,False,,한국철도공사 (용역),[재공고][긴급][협상형]운행정보기록 자동분석시스,,"eval_batch_21.csv, eval_batch_23.csv, eval_batch_24.csv, eval_batch_25.csv",한국철도공사 (용역)_[재공고][긴급][협상형]운행정보기록 자동분석시스.hwp,,,,,,,,,,missing,,40,한국철도공사 (용역)_[재공고][긴급][협상형]운행정보기록 자동분석시스,D6c8d49d36d,한국철도공사 (용역)_[재공고][긴급][협상형]운행정보기록 자동분석시스.hwp | 한국철도공사 (용역)_[재공고][긴급][협상형]운행정보기록 자동분석시스 | [재공고][긴급][협상형]운행정보기록 자동분석시스 | [긴급][협상형]운행정보기록 자동분석시스 | 한국철도공사용역재공고긴급협상형운행정보기록자동분석시스.hwp
41,연구개발특구진흥재단_사업지표분석시스템 구축 용역 (재공고),doc_ac3dc5727c11,연구개발특구진흥재단_사업지표분석시스템 구축 용역 (재공고).hwp,/Users/apple/Desktop/codeit/project_2nd/chatbot/data/original_data_list/연구개발특구진흥재단_사업지표분석시스템 구축 용역 (재공고).hwp,hwp,False,filler_sample,15,0,0,구축,1,True,notice_variant,연구개발특구진흥재단,사업지표분석시스템 구축 용역 (재공고),구축,,,,,,,,,,,,missing,,41,연구개발특구진흥재단_사업지표분석시스템 구축 용역 (재공고),Dac3dc5727c,연구개발특구진흥재단_사업지표분석시스템 구축 용역 (재공고).hwp | 연구개발특구진흥재단_사업지표분석시스템 구축 용역 (재공고) | 사업지표분석시스템 구축 용역 (재공고) | 연구개발특구진흥재단사업지표분석시스템구축용역재공고.hwp
42,한국수자원공사_국산 표준수운영시스템(iWater Neo) 최적화 및 시범구축 용,doc_eb18260e2607,한국수자원공사_국산 표준수운영시스템(iWater Neo) 최적화 및 시범구축 용.hwp,/Users/apple/Desktop/codeit/project_2nd/chatbot/data/original_data_list/한국수자원공사_국산 표준수운영시스템(iWater Neo) 최적화 및 시범구축 용.hwp,hwp,False,filler_sample,15,0,0,구축,1,True,same_issuer+similar_project_token,한국수자원공사,국산 표준수운영시스템(iWater Neo) 최적화 및 시범구축 용,"구축, 운영",,,,,,,,,,,,missing,,42,한국수자원공사_국산 표준수운영시스템(iWater Neo) 최적화 및 시범구축 용,Deb18260e26,한국수자원공사_국산 표준수운영시스템(iWater Neo) 최적화 및 시범구축 용.hwp | 한국수자원공사_국산 표준수운영시스템(iWater Neo) 최적화 및 시범구축 용 | 국산 표준수운영시스템(iWater Neo) 최적화 및 시범구축 용 | 한국수자원공사국산표준수운영시스템iWaterNeo최적화및시범구축용.hwp
43,한국특허전략개발원 입찰공고_[입찰공고 제2024-017호] 선언표준특허 정보,doc_137942eb55ec,한국특허전략개발원 입찰공고_[입찰공고 제2024-017호] 선언표준특허 정보.hwp,/Users/apple/Desktop/codeit/project_2nd/chatbot/data/original_data_list/한국특허전략개발원 입찰공고_[입찰공고 제2024-017호] 선언표준특허 정보.hwp,hwp,False,filler_sample,15,0,0,구축,1,True,similar_project_token,한국특허전략개발원 입찰공고,[입찰공고 제2024-017호] 선언표준특허 정보,구축,,,,,,,,,,,,missing,,43,한국특허전략개발원 입찰공고_[입찰공고 제2024-017호] 선언표준특허 정보,D137942eb55,한국특허전략개발원 입찰공고_[입찰공고 제2024-017호] 선언표준특허 정보.hwp | 한국특허전략개발원 입찰공고_[입찰공고 제2024-017호] 선언표준특허 정보 | [입찰공고 제2024-017호] 선언표준특허 정보 | 한국특허전략개발원입찰공고입찰공고제2024017호선언표준특허정보.hwp
44,한국공항보안 주식회사_2단계 ERP(재무예산 경영정보)시스템 및 그룹웨어,doc_a9a1f23c0a18,한국공항보안 주식회사_2단계 ERP(재무예산 경영정보)시스템 및 그룹웨어.hwp,/Users/apple/Desktop/codeit/project_2nd/chatbot/data/original_data_list/한국공항보안 주식회사_2단계 ERP(재무예산 경영정보)시스템 및 그룹웨어.hwp,hwp,False,filler_sample,14,0,0,보안,0,True,similar_project_token,한국공항보안 주식회사,2단계 ERP(재무예산 경영정보)시스템 및 그룹웨어,보안,,,,,,,,,,,,missing,,44,한국공항보안 주식회사_2단계 ERP(재무예산 경영정보)시스템 및 그룹웨어,Da9a1f23c0a,한국공항보안 주식회사_2단계 ERP(재무예산 경영정보)시스템 및 그룹웨어.hwp | 한국공항보안 주식회사_2단계 ERP(재무예산 경영정보)시스템 및 그룹웨어 | 2단계 ERP(재무예산 경영정보)시스템 및 그룹웨어 | 한국공항보안주식회사2단계ERP재무예산경영정보시스템및그룹웨어.hwp
45,경상북도 영주시_영주시 스마트 주차 시스템 구축사업,doc_c7a8d30c7c94,경상북도 영주시_영주시 스마트 주차 시스템 구축사업.pdf,/Users/apple/Desktop/codeit/project_2nd/chatbot/data/original_data_list/경상북도 영주시_영주시 스마트 주차 시스템 구축사업.pdf,pdf,False,pdf_included,13,1,0,구축,0,True,similar_project_token,경상북도 영주시,영주시 스마트 주차 시스템 구축사업,구축,,,,,,,,,,,,missing,,45,경상북도 영주시_영주시 스마트 주차 시스템 구축사업,Dc7a8d30c7c,경상북도 영주시_영주시 스마트 주차 시스템 구축사업.pdf | 경상북도 영주시_영주시 스마트 주차 시스템 구축사업 | 영주시 스마트 주차 시스템 구축사업 | 경상북도영주시영주시스마트주차시스템구축사업.pdf
46,고려대학교_Student Success Center 시스템 개선 및 교과-비교과 통합관리시스,doc_9f5d0f8b4145,고려대학교_Student Success Center 시스템 개선 및 교과-비교과 통합관리시스.pdf,/Users/apple/Desktop/codeit/project_2nd/chatbot/data/original_data_list/고려대학교_Student Success Center 시스템 개선 및 교과-비교과 통합관리시스.pdf,pdf,False,pdf_included,13,1,0,고도화,0,True,same_issuer,고려대학교,Student Success Center 시스템 개선 및 교과-비교과 통합관리시스,고도화,,,,,,,,,,,,missing,,46,고려대학교_Student Success Center 시스템 개선 및 교과-비교과 통합관리시스,D9f5d0f8b41,고려대학교_Student Success Center 시스템 개선 및 교과-비교과 통합관리시스.pdf | 고려대학교_Student Success Center 시스템 개선 및 교과-비교과 통합관리시스 | Student Success Center 시스템 개선 및 교과-비교과 통합관리시스 | 고려대학교StudentSuccessCenter시스템개선및교과비교과통합관리시스.pdf
47,고려대학교_고려대학교 차세대 LMS(학습관리시스템) 구축 사업,doc_d6662b2b222c,고려대학교_고려대학교 차세대 LMS(학습관리시스템) 구축 사업.pdf,/Users/apple/Desktop/codeit/project_2nd/chatbot/data/original_data_list/고려대학교_고려대학교 차세대 LMS(학습관리시스템) 구축 사업.pdf,pdf,False,pdf_included,13,1,0,구축,0,True,same_issuer,고려대학교,고려대학교 차세대 LMS(학습관리시스템) 구축 사업,구축,,,,,,,,,,,,missing,,47,고려대학교_고려대학교 차세대 LMS(학습관리시스템) 구축 사업,Dd6662b2b22,고려대학교_고려대학교 차세대 LMS(학습관리시스템) 구축 사업.pdf | 고려대학교_고려대학교 차세대 LMS(학습관리시스템) 구축 사업 | 고려대학교 차세대 LMS(학습관리시스템) 구축 사업 | 고려대학교고려대학교차세대LMS학습관리시스템구축사업.pdf
48,고려대학교_차세대 포털·학사 정보시스템 구축 사업 재공고,doc_0661d4d4cbdf,고려대학교_차세대 포털·학사 정보시스템 구축 사업 재공고.pdf,/Users/apple/Desktop/codeit/project_2nd/chatbot/data/original_data_list/고려대학교_차세대 포털·학사 정보시스템 구축 사업 재공고.pdf,pdf,False,pdf_included,13,1,0,구축,0,True,same_issuer+similar_project_token+notice_variant,고려대학교,차세대 포털·학사 정보시스템 구축 사업 재공고,"구축, 홈페이지/포털",,,,,,,,,,,,missing,,48,고려대학교_차세대 포털·학사 정보시스템 구축 사업 재공고,D0661d4d4cb,고려대학교_차세대 포털·학사 정보시스템 구축 사업 재공고.pdf | 고려대학교_차세대 포털·학사 정보시스템 구축 사업 재공고 | 차세대 포털·학사 정보시스템 구축 사업 재공고 | 고려대학교차세대포털·학사정보시스템구축사업재공고.pdf
49,국토교통부 부산지방국토관리청_2024년 교량 IoT 계측시스템 설치 용역,doc_bdd0a0f8eed2,국토교통부 부산지방국토관리청_2024년 교량 IoT 계측시스템 설치 용역.pdf,/Users/apple/Desktop/codeit/project_2nd/chatbot/data/original_data_list/국토교통부 부산지방국토관리청_2024년 교량 IoT 계측시스템 설치 용역.pdf,pdf,False,pdf_included,13,1,0,기타,0,True,similar_project_token,국토교통부 부산지방국토관리청,2024년 교량 IoT 계측시스템 설치 용역,,,,,,,,,,,,,missing,,49,국토교통부 부산지방국토관리청_2024년 교량 IoT 계측시스템 설치 용역,Dbdd0a0f8ee,국토교통부 부산지방국토관리청_2024년 교량 IoT 계측시스템 설치 용역.pdf | 국토교통부 부산지방국토관리청_2024년 교량 IoT 계측시스템 설치 용역 | 2024년 교량 IoT 계측시스템 설치 용역 | 국토교통부부산지방국토관리청2024년교량IoT계측시스템설치용역.pdf
50,대전관광공사_(긴급) 대전컨벤션센터(DCC) 대관 및 고객관리시스템(CRM) 구,doc_84217f860a0f,대전관광공사_(긴급) 대전컨벤션센터(DCC) 대관 및 고객관리시스템(CRM) 구.pdf,/Users/apple/Desktop/codeit/project_2nd/chatbot/data/original_data_list/대전관광공사_(긴급) 대전컨벤션센터(DCC) 대관 및 고객관리시스템(CRM) 구.pdf,pdf,False,pdf_included,13,1,0,기타,0,True,notice_variant+prefix_alias,대전관광공사,(긴급) 대전컨벤션센터(DCC) 대관 및 고객관리시스템(CRM) 구,,,,,,,,,,,,,missing,,50,대전관광공사_(긴급) 대전컨벤션센터(DCC) 대관 및 고객관리시스템(CRM) 구,D84217f860a,대전관광공사_(긴급) 대전컨벤션센터(DCC) 대관 및 고객관리시스템(CRM) 구.pdf | 대전관광공사_(긴급) 대전컨벤션센터(DCC) 대관 및 고객관리시스템(CRM) 구 | (긴급) 대전컨벤션센터(DCC) 대관 및 고객관리시스템(CRM) 구 | 대전컨벤션센터(DCC) 대관 및 고객관리시스템(CRM) 구 | 대전관광공사긴급대전컨벤션센터DCC대관및고객관리시스템CRM구.pdf
51,사단법인 스마트도시협회_스마트시티 종합포털 고도화를 위한 정보화,doc_970b07e9a59c,사단법인 스마트도시협회_스마트시티 종합포털 고도화를 위한 정보화 .pdf,/Users/apple/Desktop/codeit/project_2nd/chatbot/data/original_data_list/사단법인 스마트도시협회_스마트시티 종합포털 고도화를 위한 정보화 .pdf,pdf,False,pdf_included,13,1,0,고도화,0,True,similar_project_token,사단법인 스마트도시협회,스마트시티 종합포털 고도화를 위한 정보화,"고도화, 홈페이지/포털",,,,,,,,,,,,missing,,51,사단법인 스마트도시협회_스마트시티 종합포털 고도화를 위한 정보화,D970b07e9a5,사단법인 스마트도시협회_스마트시티 종합포털 고도화를 위한 정보화 .pdf | 사단법인 스마트도시협회_스마트시티 종합포털 고도화를 위한 정보화 | 스마트시티 종합포털 고도화를 위한 정보화 | 사단법인스마트도시협회스마트시티종합포털고도화를위한정보화.pdf
52,서울특별시_2024년 지도정보 플랫폼 및 전문활용 연계 시스템 고도화 용,doc_0ed5862adb28,서울특별시_2024년 지도정보 플랫폼 및 전문활용 연계 시스템 고도화 용.pdf,/Users/apple/Desktop/codeit/project_2nd/chatbot/data/original_data_list/서울특별시_2024년 지도정보 플랫폼 및 전문활용 연계 시스템 고도화 용.pdf,pdf,False,pdf_included,13,1,0,고도화,0,True,similar_project_token,서울특별시,2024년 지도정보 플랫폼 및 전문활용 연계 시스템 고도화 용,고도화,,,,,,,,,,,,missing,,52,서울특별시_2024년 지도정보 플랫폼 및 전문활용 연계 시스템 고도화 용,D0ed5862adb,서울특별시_2024년 지도정보 플랫폼 및 전문활용 연계 시스템 고도화 용.pdf | 서울특별시_2024년 지도정보 플랫폼 및 전문활용 연계 시스템 고도화 용 | 2024년 지도정보 플랫폼 및 전문활용 연계 시스템 고도화 용 | 서울특별시2024년지도정보플랫폼및전문활용연계시스템고도화용.pdf
53,한국에너지공단_2024년 건축물 에너지효율등급 인증시스템 유지 보수,doc_0162270be99b,한국에너지공단_2024년 건축물 에너지효율등급 인증시스템 유지 보수.hwp,/Users/apple/Desktop/codeit/project_2nd/chatbot/data/original_data_list/한국에너지공단_2024년 건축물 에너지효율등급 인증시스템 유지 보수.hwp,hwp,False,filler_sample,12,0,0,유지관리,0,True,similar_project_token,한국에너지공단,2024년 건축물 에너지효율등급 인증시스템 유지 보수,유지관리,,,,,,,,,,,,missing,,53,한국에너지공단_2024년 건축물 에너지효율등급 인증시스템 유지 보수,D0162270be9,한국에너지공단_2024년 건축물 에너지효율등급 인증시스템 유지 보수.hwp | 한국에너지공단_2024년 건축물 에너지효율등급 인증시스템 유지 보수 | 2024년 건축물 에너지효율등급 인증시스템 유지 보수 | 한국에너지공단2024년건축물에너지효율등급인증시스템유지보수.hwp
54,호서대학교_(긴급) [대학혁신] CanDo시스템 고도화 구축,doc_cbb977d0ab40,호서대학교_(긴급) [대학혁신] CanDo시스템 고도화 구축.pdf,/Users/apple/Desktop/codeit/project_2nd/chatbot/data/original_data_list/호서대학교_(긴급) [대학혁신] CanDo시스템 고도화 구축.pdf,pdf,False,pdf_included,13,1,0,고도화,0,True,notice_variant+prefix_alias,호서대학교,(긴급) [대학혁신] CanDo시스템 고도화 구축,"고도화, 구축",,,,,,,,,,,,missing,,54,호서대학교_(긴급) [대학혁신] CanDo시스템 고도화 구축,Dcbb977d0ab,호서대학교_(긴급) [대학혁신] CanDo시스템 고도화 구축.pdf | 호서대학교_(긴급) [대학혁신] CanDo시스템 고도화 구축 | (긴급) [대학혁신] CanDo시스템 고도화 구축 | [대학혁신] CanDo시스템 고도화 구축 | 호서대학교긴급대학혁신CanDo시스템고도화구축.pdf
55,한국투자공사_홈페이지 시스템 재구축,doc_2362f2a19023,한국투자공사_홈페이지 시스템 재구축.pdf,/Users/apple/Desktop/codeit/project_2nd/chatbot/data/original_data_list/한국투자공사_홈페이지 시스템 재구축.pdf,pdf,False,pdf_included,13,1,0,구축,0,True,similar_project_token,한국투자공사,홈페이지 시스템 재구축,"구축, 홈페이지/포털",,,,,,,,,,,,missing,,55,한국투자공사_홈페이지 시스템 재구축,D2362f2a190,한국투자공사_홈페이지 시스템 재구축.pdf | 한국투자공사_홈페이지 시스템 재구축 | 홈페이지 시스템 재구축 | 한국투자공사홈페이지시스템재구축.pdf
56,경기도사회서비스원_2024년 통합사회정보시스템 운영지원,doc_5c976ce079ee,경기도사회서비스원_2024년 통합사회정보시스템 운영지원.hwp,/Users/apple/Desktop/codeit/project_2nd/chatbot/data/original_data_list/경기도사회서비스원_2024년 통합사회정보시스템 운영지원.hwp,hwp,False,filler_sample,12,0,0,운영,0,True,similar_project_token,경기도사회서비스원,2024년 통합사회정보시스템 운영지원,운영,,,,,,,,,,,,missing,,56,경기도사회서비스원_2024년 통합사회정보시스템 운영지원,D5c976ce079,경기도사회서비스원_2024년 통합사회정보시스템 운영지원.hwp | 경기도사회서비스원_2024년 통합사회정보시스템 운영지원 | 2024년 통합사회정보시스템 운영지원 | 경기도사회서비스원2024년통합사회정보시스템운영지원.hwp
57,KOICA 전자조달_[지문] 에콰도르 국가 유전자원 데이터 은행 설립 및 역량,doc_bf3b0950de17,KOICA 전자조달_[지문] 에콰도르 국가 유전자원 데이터 은행 설립 및 역량.hwp,/Users/apple/Desktop/codeit/project_2nd/chatbot/data/original_data_list/KOICA 전자조달_[지문] 에콰도르 국가 유전자원 데이터 은행 설립 및 역량.hwp,hwp,False,filler_sample,12,0,0,데이터/AI,0,True,same_issuer+prefix_alias,KOICA 전자조달,[지문] 에콰도르 국가 유전자원 데이터 은행 설립 및 역량,데이터/AI,,,,,,,,,,,,missing,,57,KOICA 전자조달_[지문] 에콰도르 국가 유전자원 데이터 은행 설립 및 역량,Dbf3b0950de,KOICA 전자조달_[지문] 에콰도르 국가 유전자원 데이터 은행 설립 및 역량.hwp | KOICA 전자조달_[지문] 에콰도르 국가 유전자원 데이터 은행 설립 및 역량 | [지문] 에콰도르 국가 유전자원 데이터 은행 설립 및 역량 | 에콰도르 국가 유전자원 데이터 은행 설립 및 역량 | KOICA전자조달지문에콰도르국가유전자원데이터은행설립및역량.hwp
58,재단법인 서울시복지재단_2025년 정보시스템 보안관제 서비스 용역,doc_2c2a0f1cda92,재단법인 서울시복지재단_2025년 정보시스템 보안관제 서비스 용역.hwp,/Users/apple/Desktop/codeit/project_2nd/chatbot/data/original_data_list/재단법인 서울시복지재단_2025년 정보시스템 보안관제 서비스 용역.hwp,hwp,False,filler_sample,12,0,0,보안,0,True,similar_project_token,재단법인 서울시복지재단,2025년 정보시스템 보안관제 서비스 용역,보안,,,,,,,,,,,,missing,,58,재단법인 서울시복지재단_2025년 정보시스템 보안관제 서비스 용역,D2c2a0f1cda,재단법인 서울시복지재단_2025년 정보시스템 보안관제 서비스 용역.hwp | 재단법인 서울시복지재단_2025년 정보시스템 보안관제 서비스 용역 | 2025년 정보시스템 보안관제 서비스 용역 | 재단법인서울시복지재단2025년정보시스템보안관제서비스용역.hwp
59,국가철도공단_철도산업정보센터 정보시스템 G-클라우드 1차 전환 용역,doc_7407c13feec6,국가철도공단_철도산업정보센터 정보시스템 G-클라우드 1차 전환 용역.hwp,/Users/apple/Desktop/codeit/project_2nd/chatbot/data/original_data_list/국가철도공단_철도산업정보센터 정보시스템 G-클라우드 1차 전환 용역.hwp,hwp,False,filler_sample,12,0,0,클라우드,0,True,similar_project_token,국가철도공단,철도산업정보센터 정보시스템 G-클라우드 1차 전환 용역,클라우드,,,,,,,,,,,,missing,,59,국가철도공단_철도산업정보센터 정보시스템 G-클라우드 1차 전환 용역,D7407c13fee,국가철도공단_철도산업정보센터 정보시스템 G-클라우드 1차 전환 용역.hwp | 국가철도공단_철도산업정보센터 정보시스템 G-클라우드 1차 전환 용역 | 철도산업정보센터 정보시스템 G-클라우드 1차 전환 용역 | 국가철도공단철도산업정보센터정보시스템G클라우드1차전환용역.hwp
60,고양특례시청_용역 입찰 공고 안내(고양시 도서관 홈페이지 온라인 결제,doc_f4e641cd576e,고양특례시청_용역 입찰 공고 안내(고양시 도서관 홈페이지 온라인 결제.hwp,/Users/apple/Desktop/codeit/project_2nd/chatbot/data/original_data_list/고양특례시청_용역 입찰 공고 안내(고양시 도서관 홈페이지 온라인 결제.hwp,hwp,False,filler_sample,12,0,0,홈페이지/포털,0,True,similar_project_token,고양특례시청,용역 입찰 공고 안내(고양시 도서관 홈페이지 온라인 결제,홈페이지/포털,,,,,,,,,,,,missing,,60,고양특례시청_용역 입찰 공고 안내(고양시 도서관 홈페이지 온라인 결제,Df4e641cd57,고양특례시청_용역 입찰 공고 안내(고양시 도서관 홈페이지 온라인 결제.hwp | 고양특례시청_용역 입찰 공고 안내(고양시 도서관 홈페이지 온라인 결제 | 용역 입찰 공고 안내(고양시 도서관 홈페이지 온라인 결제 | 고양특례시청용역입찰공고안내고양시도서관홈페이지온라인결제.hwp
61,(재)경기도경제과학진흥원_경기도 기업SOS넷 개편 정보화전략(ISMP) 수립,doc_d74be88af65a,(재)경기도경제과학진흥원_경기도 기업SOS넷 개편 정보화전략(ISMP) 수립 .hwp,/Users/apple/Desktop/codeit/project_2nd/chatbot/data/original_data_list/(재)경기도경제과학진흥원_경기도 기업SOS넷 개편 정보화전략(ISMP) 수립 .hwp,hwp,False,filler_sample,12,0,0,컨설팅/감리,0,True,similar_project_token,(재)경기도경제과학진흥원,경기도 기업SOS넷 개편 정보화전략(ISMP) 수립,컨설팅/감리,,,,,,,,,,,,missing,,61,(재)경기도경제과학진흥원_경기도 기업SOS넷 개편 정보화전략(ISMP) 수립,Dd74be88af6,(재)경기도경제과학진흥원_경기도 기업SOS넷 개편 정보화전략(ISMP) 수립 .hwp | (재)경기도경제과학진흥원_경기도 기업SOS넷 개편 정보화전략(ISMP) 수립 | 경기도 기업SOS넷 개편 정보화전략(ISMP) 수립 | 재경기도경제과학진흥원경기도기업SOS넷개편정보화전략ISMP수립.hwp
62,(재)한국기계전기전자시험연구원_원주 미래차 전장부품 시스템반도체,doc_8cdd79b0b665,(재)한국기계전기전자시험연구원_원주 미래차 전장부품 시스템반도체 .hwp,/Users/apple/Desktop/codeit/project_2nd/chatbot/data/original_data_list/(재)한국기계전기전자시험연구원_원주 미래차 전장부품 시스템반도체 .hwp,hwp,False,filler_sample,12,0,0,기타,0,True,similar_project_token,(재)한국기계전기전자시험연구원,원주 미래차 전장부품 시스템반도체,,,,,,,,,,,,,missing,,62,(재)한국기계전기전자시험연구원_원주 미래차 전장부품 시스템반도체,D8cdd79b0b6,(재)한국기계전기전자시험연구원_원주 미래차 전장부품 시스템반도체 .hwp | (재)한국기계전기전자시험연구원_원주 미래차 전장부품 시스템반도체 | 원주 미래차 전장부품 시스템반도체 | 재한국기계전기전자시험연구원원주미래차전장부품시스템반도체.hwp
63,(사)벤처기업협회_2024년 벤처확인종합관리시스템 기능 고도화 용역사업,doc_9e546db5aaf5,(사)벤처기업협회_2024년 벤처확인종합관리시스템 기능 고도화 용역사업 .hwp,/Users/apple/Desktop/codeit/project_2nd/chatbot/data/original_data_list/(사)벤처기업협회_2024년 벤처확인종합관리시스템 기능 고도화 용역사업 .hwp,hwp,False,filler_sample,12,0,0,고도화,0,True,similar_project_token,(사)벤처기업협회,2024년 벤처확인종합관리시스템 기능 고도화 용역사업,고도화,,,,,,,,,,,,missing,,63,(사)벤처기업협회_2024년 벤처확인종합관리시스템 기능 고도화 용역사업,D9e546db5aa,(사)벤처기업협회_2024년 벤처확인종합관리시스템 기능 고도화 용역사업 .hwp | (사)벤처기업협회_2024년 벤처확인종합관리시스템 기능 고도화 용역사업 | 2024년 벤처확인종합관리시스템 기능 고도화 용역사업 | 사벤처기업협회2024년벤처확인종합관리시스템기능고도화용역사업.hwp
64,(재)예술경영지원센터_통합 정보시스템 구축 사전 컨설팅,doc_5cf030fe9755,(재)예술경영지원센터_통합 정보시스템 구축 사전 컨설팅.hwp,/Users/apple/Desktop/codeit/project_2nd/chatbot/data/original_data_list/(재)예술경영지원센터_통합 정보시스템 구축 사전 컨설팅.hwp,hwp,False,filler_sample,12,0,0,구축,0,True,similar_project_token,(재)예술경영지원센터,통합 정보시스템 구축 사전 컨설팅,"구축, 컨설팅/감리",,,,,,,,,,,,missing,,64,(재)예술경영지원센터_통합 정보시스템 구축 사전 컨설팅,D5cf030fe97,(재)예술경영지원센터_통합 정보시스템 구축 사전 컨설팅.hwp | (재)예술경영지원센터_통합 정보시스템 구축 사전 컨설팅 | 통합 정보시스템 구축 사전 컨설팅 | 재예술경영지원센터통합정보시스템구축사전컨설팅.hwp
65,경기도사회서비스원_2025년 통합사회정보시스템 운영 지원,doc_d9c56e4ddc11,경기도사회서비스원_2025년 통합사회정보시스템 운영 지원.hwp,/Users/apple/Desktop/codeit/project_2nd/chatbot/data/original_data_list/경기도사회서비스원_2025년 통합사회정보시스템 운영 지원.hwp,hwp,False,filler_sample,12,0,0,운영,0,True,similar_project_token,경기도사회서비스원,2025년 통합사회정보시스템 운영 지원,운영,,,,,,,,,,,,missing,,65,경기도사회서비스원_2025년 통합사회정보시스템 운영 지원,Dd9c56e4ddc,경기도사회서비스원_2025년 통합사회정보시스템 운영 지원.hwp | 경기도사회서비스원_2025년 통합사회정보시스템 운영 지원 | 2025년 통합사회정보시스템 운영 지원 | 경기도사회서비스원2025년통합사회정보시스템운영지원.hwp
66,경기도교육청_경기형 AI 교원역량 통합지원시스템 정보시스템마스터플,doc_5641d06079c7,경기도교육청_경기형 AI 교원역량 통합지원시스템 정보시스템마스터플.hwp,/Users/apple/Desktop/codeit/project_2nd/chatbot/data/original_data_list/경기도교육청_경기형 AI 교원역량 통합지원시스템 정보시스템마스터플.hwp,hwp,False,filler_sample,12,0,0,데이터/AI,0,True,similar_project_token,경기도교육청,경기형 AI 교원역량 통합지원시스템 정보시스템마스터플,데이터/AI,,,,,,,,,,,,missing,,66,경기도교육청_경기형 AI 교원역량 통합지원시스템 정보시스템마스터플,D5641d06079,경기도교육청_경기형 AI 교원역량 통합지원시스템 정보시스템마스터플.hwp | 경기도교육청_경기형 AI 교원역량 통합지원시스템 정보시스템마스터플 | 경기형 AI 교원역량 통합지원시스템 정보시스템마스터플 | 경기도교육청경기형AI교원역량통합지원시스템정보시스템마스터플.hwp
67,한국환경보전원_법정교육 통합관리시스템(보안·전산) 유지·관리,doc_c9e124703b81,한국환경보전원_법정교육 통합관리시스템(보안·전산) 유지·관리.hwp,/Users/apple/Desktop/codeit/project_2nd/chatbot/data/original_data_list/한국환경보전원_법정교육 통합관리시스템(보안·전산) 유지·관리.hwp,hwp,False,filler_sample,12,0,0,보안,0,True,similar_project_token,한국환경보전원,법정교육 통합관리시스템(보안·전산) 유지·관리,보안,,,,,,,,,,,,missing,,67,한국환경보전원_법정교육 통합관리시스템(보안·전산) 유지·관리,Dc9e124703b,한국환경보전원_법정교육 통합관리시스템(보안·전산) 유지·관리.hwp | 한국환경보전원_법정교육 통합관리시스템(보안·전산) 유지·관리 | 법정교육 통합관리시스템(보안·전산) 유지·관리 | 한국환경보전원법정교육통합관리시스템보안·전산유지·관리.hwp
68,대한상공회의소_2025년 진로체험망 꿈길 시스템 인프라[클라우드] 유지·,doc_275b8ea6fe5a,대한상공회의소_2025년 진로체험망 꿈길 시스템 인프라[클라우드] 유지·.hwp,/Users/apple/Desktop/codeit/project_2nd/chatbot/data/original_data_list/대한상공회의소_2025년 진로체험망 꿈길 시스템 인프라[클라우드] 유지·.hwp,hwp,False,filler_sample,12,0,0,클라우드,0,True,same_issuer,대한상공회의소,2025년 진로체험망 꿈길 시스템 인프라[클라우드] 유지·,클라우드,,,,,,,,,,,,missing,,68,대한상공회의소_2025년 진로체험망 꿈길 시스템 인프라[클라우드] 유지·,D275b8ea6fe,대한상공회의소_2025년 진로체험망 꿈길 시스템 인프라[클라우드] 유지·.hwp | 대한상공회의소_2025년 진로체험망 꿈길 시스템 인프라[클라우드] 유지· | 2025년 진로체험망 꿈길 시스템 인프라[클라우드] 유지· | 대한상공회의소2025년진로체험망꿈길시스템인프라클라우드유지·.hwp
69,"대한장애인체육회_2025년 전국장애인체육대회 전산 및 시스템, 홈페이지",doc_ba77a249b42c,"대한장애인체육회_2025년 전국장애인체육대회 전산 및 시스템, 홈페이지 .hwp","/Users/apple/Desktop/codeit/project_2nd/chatbot/data/original_data_list/대한장애인체육회_2025년 전국장애인체육대회 전산 및 시스템, 홈페이지 .hwp",hwp,False,filler_sample,12,0,0,홈페이지/포털,0,True,similar_project_token,대한장애인체육회,"2025년 전국장애인체육대회 전산 및 시스템, 홈페이지",홈페이지/포털,,,,,,,,,,,,missing,,69,"대한장애인체육회_2025년 전국장애인체육대회 전산 및 시스템, 홈페이지",Dba77a249b4,"대한장애인체육회_2025년 전국장애인체육대회 전산 및 시스템, 홈페이지 .hwp | 대한장애인체육회_2025년 전국장애인체육대회 전산 및 시스템, 홈페이지 | 2025년 전국장애인체육대회 전산 및 시스템, 홈페이지 | 대한장애인체육회2025년전국장애인체육대회전산및시스템,홈페이지.hwp"
70,KOICA 전자조달_[지문] 인도적지원 정보시스템 기본설계(ISMP) 용역,doc_968710c7aa0f,KOICA 전자조달_[지문] 인도적지원 정보시스템 기본설계(ISMP) 용역.hwp,/Users/apple/Desktop/codeit/project_2nd/chatbot/data/original_data_list/KOICA 전자조달_[지문] 인도적지원 정보시스템 기본설계(ISMP) 용역.hwp,hwp,False,filler_sample,12,0,0,컨설팅/감리,0,True,same_issuer+similar_project_token+prefix_alias,KOICA 전자조달,[지문] 인도적지원 정보시스템 기본설계(ISMP) 용역,컨설팅/감리,,,,,,,,,,,,missing,,70,KOICA 전자조달_[지문] 인도적지원 정보시스템 기본설계(ISMP) 용역,D968710c7aa,KOICA 전자조달_[지문] 인도적지원 정보시스템 기본설계(ISMP) 용역.hwp | KOICA 전자조달_[지문] 인도적지원 정보시스템 기본설계(ISMP) 용역 | [지문] 인도적지원 정보시스템 기본설계(ISMP) 용역 | 인도적지원 정보시스템 기본설계(ISMP) 용역 | KOICA전자조달지문인도적지원정보시스템기본설계ISMP용역.hwp
71,(주)케이티엔지니어링_평택시 스마트시티 조성사업 G7 이노베이션센터,doc_79323b8b7a96,(주)케이티엔지니어링_평택시 스마트시티 조성사업 G7 이노베이션센터 .hwp,/Users/apple/Desktop/codeit/project_2nd/chatbot/data/original_data_list/(주)케이티엔지니어링_평택시 스마트시티 조성사업 G7 이노베이션센터 .hwp,hwp,False,filler_sample,12,0,0,기타,0,True,similar_project_token,(주)케이티엔지니어링,평택시 스마트시티 조성사업 G7 이노베이션센터,,,,,,,,,,,,,missing,,71,(주)케이티엔지니어링_평택시 스마트시티 조성사업 G7 이노베이션센터,D79323b8b7a,(주)케이티엔지니어링_평택시 스마트시티 조성사업 G7 이노베이션센터 .hwp | (주)케이티엔지니어링_평택시 스마트시티 조성사업 G7 이노베이션센터 | 평택시 스마트시티 조성사업 G7 이노베이션센터 | 주케이티엔지니어링평택시스마트시티조성사업G7이노베이션센터.hwp
72,BioIN_의료기기산업 종합정보시스템(정보관리기관) 기능개선 사업(2차),doc_db3f1050e6c2,BioIN_의료기기산업 종합정보시스템(정보관리기관) 기능개선 사업(2차).hwp,/Users/apple/Desktop/codeit/project_2nd/chatbot/data/original_data_list/BioIN_의료기기산업 종합정보시스템(정보관리기관) 기능개선 사업(2차).hwp,hwp,False,filler_sample,12,0,0,고도화,0,True,similar_project_token,BioIN,의료기기산업 종합정보시스템(정보관리기관) 기능개선 사업(2차),고도화,,,,,,,,,,,,missing,,72,BioIN_의료기기산업 종합정보시스템(정보관리기관) 기능개선 사업(2차),Ddb3f1050e6,BioIN_의료기기산업 종합정보시스템(정보관리기관) 기능개선 사업(2차).hwp | BioIN_의료기기산업 종합정보시스템(정보관리기관) 기능개선 사업(2차) | 의료기기산업 종합정보시스템(정보관리기관) 기능개선 사업(2차) | BioIN의료기기산업종합정보시스템정보관리기관기능개선사업2차.hwp
73,BIO KOREA_바이오코리아 홈페이지 및 파트너링 시스템 재구축,doc_700cf781692e,BIO KOREA_바이오코리아 홈페이지 및 파트너링 시스템 재구축.hwp,/Users/apple/Desktop/codeit/project_2nd/chatbot/data/original_data_list/BIO KOREA_바이오코리아 홈페이지 및 파트너링 시스템 재구축.hwp,hwp,False,filler_sample,12,0,0,구축,0,True,similar_project_token,BIO KOREA,바이오코리아 홈페이지 및 파트너링 시스템 재구축,"구축, 홈페이지/포털",,,,,,,,,,,,missing,,73,BIO KOREA_바이오코리아 홈페이지 및 파트너링 시스템 재구축,D700cf78169,BIO KOREA_바이오코리아 홈페이지 및 파트너링 시스템 재구축.hwp | BIO KOREA_바이오코리아 홈페이지 및 파트너링 시스템 재구축 | 바이오코리아 홈페이지 및 파트너링 시스템 재구축 | BIOKOREA바이오코리아홈페이지및파트너링시스템재구축.hwp
74,경기도장애인체육회_경기도장애인체육회 홈페이지 및 사업운영시스템,doc_8f30accf4e67,경기도장애인체육회_경기도장애인체육회 홈페이지 및 사업운영시스템 .hwp,/Users/apple/Desktop/codeit/project_2nd/chatbot/data/original_data_list/경기도장애인체육회_경기도장애인체육회 홈페이지 및 사업운영시스템 .hwp,hwp,False,filler_sample,12,0,0,운영,0,True,similar_project_token,경기도장애인체육회,경기도장애인체육회 홈페이지 및 사업운영시스템,"운영, 홈페이지/포털",,,,,,,,,,,,missing,,74,경기도장애인체육회_경기도장애인체육회 홈페이지 및 사업운영시스템,D8f30accf4e,경기도장애인체육회_경기도장애인체육회 홈페이지 및 사업운영시스템 .hwp | 경기도장애인체육회_경기도장애인체육회 홈페이지 및 사업운영시스템 | 경기도장애인체육회 홈페이지 및 사업운영시스템 | 경기도장애인체육회경기도장애인체육회홈페이지및사업운영시스템.hwp
75,군포시청_(긴급)용역 입찰공고[군포 AI기반 쓰레기 무단투기 단속시스템,doc_d52caf59ee4f,군포시청_(긴급)용역 입찰공고[군포 AI기반 쓰레기 무단투기 단속시스템 .hwp,/Users/apple/Desktop/codeit/project_2nd/chatbot/data/original_data_list/군포시청_(긴급)용역 입찰공고[군포 AI기반 쓰레기 무단투기 단속시스템 .hwp,hwp,False,filler_sample,12,0,0,데이터/AI,0,True,similar_project_token+notice_variant+prefix_alias,군포시청,(긴급)용역 입찰공고[군포 AI기반 쓰레기 무단투기 단속시스템,데이터/AI,,,,,,,,,,,,missing,,75,군포시청_(긴급)용역 입찰공고[군포 AI기반 쓰레기 무단투기 단속시스템,Dd52caf59ee,군포시청_(긴급)용역 입찰공고[군포 AI기반 쓰레기 무단투기 단속시스템 .hwp | 군포시청_(긴급)용역 입찰공고[군포 AI기반 쓰레기 무단투기 단속시스템 | (긴급)용역 입찰공고[군포 AI기반 쓰레기 무단투기 단속시스템 | 용역 입찰공고[군포 AI기반 쓰레기 무단투기 단속시스템 | 군포시청긴급용역입찰공고군포AI기반쓰레기무단투기단속시스템.hwp
76,한국환경보전원_법정교육 통합관리시스템(보안전산) 유지·관리,doc_4334336fc78d,한국환경보전원_법정교육 통합관리시스템(보안전산) 유지·관리.hwp,/Users/apple/Desktop/codeit/project_2nd/chatbot/data/original_data_list/한국환경보전원_법정교육 통합관리시스템(보안전산) 유지·관리.hwp,hwp,False,filler_sample,12,0,0,보안,0,True,similar_project_token,한국환경보전원,법정교육 통합관리시스템(보안전산) 유지·관리,보안,,,,,,,,,,,,missing,,76,한국환경보전원_법정교육 통합관리시스템(보안전산) 유지·관리,D4334336fc7,한국환경보전원_법정교육 통합관리시스템(보안전산) 유지·관리.hwp | 한국환경보전원_법정교육 통합관리시스템(보안전산) 유지·관리 | 법정교육 통합관리시스템(보안전산) 유지·관리 | 한국환경보전원법정교육통합관리시스템보안전산유지·관리.hwp
77,한국과학기술원_(긴급)교수학습시스템 클라우드 MSP 용역 사업,doc_84664d0c3360,한국과학기술원_(긴급)교수학습시스템 클라우드 MSP 용역 사업.hwp,/Users/apple/Desktop/codeit/project_2nd/chatbot/data/original_data_list/한국과학기술원_(긴급)교수학습시스템 클라우드 MSP 용역 사업.hwp,hwp,False,filler_sample,12,0,0,클라우드,0,True,notice_variant+prefix_alias,한국과학기술원,(긴급)교수학습시스템 클라우드 MSP 용역 사업,클라우드,,,,,,,,,,,,missing,,77,한국과학기술원_(긴급)교수학습시스템 클라우드 MSP 용역 사업,D84664d0c33,한국과학기술원_(긴급)교수학습시스템 클라우드 MSP 용역 사업.hwp | 한국과학기술원_(긴급)교수학습시스템 클라우드 MSP 용역 사업 | (긴급)교수학습시스템 클라우드 MSP 용역 사업 | 교수학습시스템 클라우드 MSP 용역 사업 | 한국과학기술원긴급교수학습시스템클라우드MSP용역사업.hwp
78,"대한장애인체육회_전국장애인체육대회 전산 및 시스템, 홈페이지 유지·",doc_f1166d21fed9,"대한장애인체육회_전국장애인체육대회 전산 및 시스템, 홈페이지 유지·.hwp","/Users/apple/Desktop/codeit/project_2nd/chatbot/data/original_data_list/대한장애인체육회_전국장애인체육대회 전산 및 시스템, 홈페이지 유지·.hwp",hwp,False,filler_sample,12,0,0,홈페이지/포털,0,True,similar_project_token,대한장애인체육회,"전국장애인체육대회 전산 및 시스템, 홈페이지 유지·",홈페이지/포털,,,,,,,,,,,,missing,,78,"대한장애인체육회_전국장애인체육대회 전산 및 시스템, 홈페이지 유지·",Df1166d21fe,"대한장애인체육회_전국장애인체육대회 전산 및 시스템, 홈페이지 유지·.hwp | 대한장애인체육회_전국장애인체육대회 전산 및 시스템, 홈페이지 유지· | 전국장애인체육대회 전산 및 시스템, 홈페이지 유지· | 대한장애인체육회전국장애인체육대회전산및시스템,홈페이지유지·.hwp"
79,국기원_WTA 정보시스템 마스터플랜(ISMP) 수립 및 업무재설계(BPR),doc_2bf937fa500c,국기원_WTA 정보시스템 마스터플랜(ISMP) 수립 및 업무재설계(BPR).hwp,/Users/apple/Desktop/codeit/project_2nd/chatbot/data/original_data_list/국기원_WTA 정보시스템 마스터플랜(ISMP) 수립 및 업무재설계(BPR).hwp,hwp,False,filler_sample,12,0,0,컨설팅/감리,0,True,similar_project_token,국기원,WTA 정보시스템 마스터플랜(ISMP) 수립 및 업무재설계(BPR),컨설팅/감리,,,,,,,,,,,,missing,,79,국기원_WTA 정보시스템 마스터플랜(ISMP) 수립 및 업무재설계(BPR),D2bf937fa50,국기원_WTA 정보시스템 마스터플랜(ISMP) 수립 및 업무재설계(BPR).hwp | 국기원_WTA 정보시스템 마스터플랜(ISMP) 수립 및 업무재설계(BPR) | WTA 정보시스템 마스터플랜(ISMP) 수립 및 업무재설계(BPR) | 국기원WTA정보시스템마스터플랜ISMP수립및업무재설계BPR.hwp
80,KOICA 전자조달_[지문] [국제] (재공고)우즈베키스탄 ICT기반의 수자원정보,doc_9b656fe2afc3,KOICA 전자조달_[지문] [국제] (재공고)우즈베키스탄 ICT기반의 수자원정보.hwp,/Users/apple/Desktop/codeit/project_2nd/chatbot/data/original_data_list/KOICA 전자조달_[지문] [국제] (재공고)우즈베키스탄 ICT기반의 수자원정보.hwp,hwp,False,filler_sample,12,0,0,기타,0,True,same_issuer+similar_project_token+notice_variant+prefix_alias,KOICA 전자조달,[지문] [국제] (재공고)우즈베키스탄 ICT기반의 수자원정보,,,,,,,,,,,,,missing,,80,KOICA 전자조달_[지문] [국제] (재공고)우즈베키스탄 ICT기반의 수자원정보,D9b656fe2af,KOICA 전자조달_[지문] [국제] (재공고)우즈베키스탄 ICT기반의 수자원정보.hwp | KOICA 전자조달_[지문] [국제] (재공고)우즈베키스탄 ICT기반의 수자원정보 | [지문] [국제] (재공고)우즈베키스탄 ICT기반의 수자원정보 | [국제] (재공고)우즈베키스탄 ICT기반의 수자원정보 | KOICA전자조달지문국제재공고우즈베키스탄ICT기반의수자원정보.hwp
81,경기교통공사_2024 경기도 광역이동지원시스템 증설 및 기능개선 용역,doc_ef269bde773b,경기교통공사_2024 경기도 광역이동지원시스템 증설 및 기능개선 용역.hwp,/Users/apple/Desktop/codeit/project_2nd/chatbot/data/original_data_list/경기교통공사_2024 경기도 광역이동지원시스템 증설 및 기능개선 용역.hwp,hwp,False,filler_sample,12,0,0,고도화,0,True,similar_project_token,경기교통공사,2024 경기도 광역이동지원시스템 증설 및 기능개선 용역,고도화,,,,,,,,,,,,missing,,81,경기교통공사_2024 경기도 광역이동지원시스템 증설 및 기능개선 용역,Def269bde77,경기교통공사_2024 경기도 광역이동지원시스템 증설 및 기능개선 용역.hwp | 경기교통공사_2024 경기도 광역이동지원시스템 증설 및 기능개선 용역 | 2024 경기도 광역이동지원시스템 증설 및 기능개선 용역 | 경기교통공사2024경기도광역이동지원시스템증설및기능개선용역.hwp
82,KOICA_(재공고) 몽골 철도안전 통합관제시스템 시범사업구축 및 운영지원,doc_48162d853ba7,KOICA_(재공고) 몽골 철도안전 통합관제시스템 시범사업구축 및 운영지원 .hwp,/Users/apple/Desktop/codeit/project_2nd/chatbot/data/original_data_list/KOICA_(재공고) 몽골 철도안전 통합관제시스템 시범사업구축 및 운영지원 .hwp,hwp,False,filler_sample,12,0,0,구축,0,True,notice_variant+prefix_alias,KOICA,(재공고) 몽골 철도안전 통합관제시스템 시범사업구축 및 운영지원,"구축, 운영",,,,,,,,,,,,missing,,82,KOICA_(재공고) 몽골 철도안전 통합관제시스템 시범사업구축 및 운영지원,D48162d853b,KOICA_(재공고) 몽골 철도안전 통합관제시스템 시범사업구축 및 운영지원 .hwp | KOICA_(재공고) 몽골 철도안전 통합관제시스템 시범사업구축 및 운영지원 | (재공고) 몽골 철도안전 통합관제시스템 시범사업구축 및 운영지원 | 몽골 철도안전 통합관제시스템 시범사업구축 및 운영지원 | KOICA재공고몽골철도안전통합관제시스템시범사업구축및운영지원.hwp
83,경희대학교_[재공고] 산학협력단 정보시스템 운영 용역업체 선정,doc_ab927535280e,경희대학교_[재공고] 산학협력단 정보시스템 운영 용역업체 선정.hwp,/Users/apple/Desktop/codeit/project_2nd/chatbot/data/original_data_list/경희대학교_[재공고] 산학협력단 정보시스템 운영 용역업체 선정.hwp,hwp,False,filler_sample,12,0,0,운영,0,True,same_issuer+similar_project_token+notice_variant+prefix_alias,경희대학교,[재공고] 산학협력단 정보시스템 운영 용역업체 선정,운영,,,,,,,,,,,,missing,,83,경희대학교_[재공고] 산학협력단 정보시스템 운영 용역업체 선정,Dab92753528,경희대학교_[재공고] 산학협력단 정보시스템 운영 용역업체 선정.hwp | 경희대학교_[재공고] 산학협력단 정보시스템 운영 용역업체 선정 | [재공고] 산학협력단 정보시스템 운영 용역업체 선정 | 산학협력단 정보시스템 운영 용역업체 선정 | 경희대학교재공고산학협력단정보시스템운영용역업체선정.hwp
84,연세대학교 미래캠퍼스_빅데이터 통합관리시스템 My With 업그레이드 및,doc_92264311d9c3,연세대학교 미래캠퍼스_빅데이터 통합관리시스템 My With 업그레이드 및 .hwp,/Users/apple/Desktop/codeit/project_2nd/chatbot/data/original_data_list/연세대학교 미래캠퍼스_빅데이터 통합관리시스템 My With 업그레이드 및 .hwp,hwp,False,filler_sample,12,0,0,데이터/AI,0,True,similar_project_token,연세대학교 미래캠퍼스,빅데이터 통합관리시스템 My With 업그레이드 및,데이터/AI,,,,,,,,,,,,missing,,84,연세대학교 미래캠퍼스_빅데이터 통합관리시스템 My With 업그레이드 및,D92264311d9,연세대학교 미래캠퍼스_빅데이터 통합관리시스템 My With 업그레이드 및 .hwp | 연세대학교 미래캠퍼스_빅데이터 통합관리시스템 My With 업그레이드 및 | 빅데이터 통합관리시스템 My With 업그레이드 및 | 연세대학교미래캠퍼스빅데이터통합관리시스템MyWith업그레이드및.hwp
85,국가보안기술연구소_제어시스템 운용보안대책 확인 시험을 위한 시험자,doc_0fdde850d5d9,국가보안기술연구소_제어시스템 운용보안대책 확인 시험을 위한 시험자.hwp,/Users/apple/Desktop/codeit/project_2nd/chatbot/data/original_data_list/국가보안기술연구소_제어시스템 운용보안대책 확인 시험을 위한 시험자.hwp,hwp,False,filler_sample,0,0,0,보안,0,False,,국가보안기술연구소,제어시스템 운용보안대책 확인 시험을 위한 시험자,보안,,,,,,,,,,,,missing,,85,국가보안기술연구소_제어시스템 운용보안대책 확인 시험을 위한 시험자,D0fdde850d5,국가보안기술연구소_제어시스템 운용보안대책 확인 시험을 위한 시험자.hwp | 국가보안기술연구소_제어시스템 운용보안대책 확인 시험을 위한 시험자 | 제어시스템 운용보안대책 확인 시험을 위한 시험자 | 국가보안기술연구소제어시스템운용보안대책확인시험을위한시험자.hwp
86,한식진흥원_2024년 한식진흥 정보시스템 1단계 클라우드 전환 용역,doc_2a879e34ed20,한식진흥원_2024년 한식진흥 정보시스템 1단계 클라우드 전환 용역.hwp,/Users/apple/Desktop/codeit/project_2nd/chatbot/data/original_data_list/한식진흥원_2024년 한식진흥 정보시스템 1단계 클라우드 전환 용역.hwp,hwp,False,filler_sample,12,0,0,클라우드,0,True,similar_project_token,한식진흥원,2024년 한식진흥 정보시스템 1단계 클라우드 전환 용역,클라우드,,,,,,,,,,,,missing,,86,한식진흥원_2024년 한식진흥 정보시스템 1단계 클라우드 전환 용역,D2a879e34ed,한식진흥원_2024년 한식진흥 정보시스템 1단계 클라우드 전환 용역.hwp | 한식진흥원_2024년 한식진흥 정보시스템 1단계 클라우드 전환 용역 | 2024년 한식진흥 정보시스템 1단계 클라우드 전환 용역 | 한식진흥원2024년한식진흥정보시스템1단계클라우드전환용역.hwp
87,대한적십자사_컨설팅(BPR)을 통한 대한적십자사 홈페이지 및 관리자시스,doc_e00b9af16cbd,대한적십자사_컨설팅(BPR)을 통한 대한적십자사 홈페이지 및 관리자시스.hwp,/Users/apple/Desktop/codeit/project_2nd/chatbot/data/original_data_list/대한적십자사_컨설팅(BPR)을 통한 대한적십자사 홈페이지 및 관리자시스.hwp,hwp,False,filler_sample,12,0,0,홈페이지/포털,0,True,similar_project_token,대한적십자사,컨설팅(BPR)을 통한 대한적십자사 홈페이지 및 관리자시스,"홈페이지/포털, 컨설팅/감리",,,,,,,,,,,,missing,,87,대한적십자사_컨설팅(BPR)을 통한 대한적십자사 홈페이지 및 관리자시스,De00b9af16c,대한적십자사_컨설팅(BPR)을 통한 대한적십자사 홈페이지 및 관리자시스.hwp | 대한적십자사_컨설팅(BPR)을 통한 대한적십자사 홈페이지 및 관리자시스 | 컨설팅(BPR)을 통한 대한적십자사 홈페이지 및 관리자시스 | 대한적십자사컨설팅BPR을통한대한적십자사홈페이지및관리자시스.hwp
88,한국저작권위원회_저작권 정보시스템 DB 관리체계 강화 컨설팅 용역,doc_1d129b3f49e6,한국저작권위원회_저작권 정보시스템 DB 관리체계 강화 컨설팅 용역.hwp,/Users/apple/Desktop/codeit/project_2nd/chatbot/data/original_data_list/한국저작권위원회_저작권 정보시스템 DB 관리체계 강화 컨설팅 용역.hwp,hwp,False,filler_sample,12,0,0,컨설팅/감리,0,True,similar_project_token,한국저작권위원회,저작권 정보시스템 DB 관리체계 강화 컨설팅 용역,컨설팅/감리,,,,,,,,,,,,missing,,88,한국저작권위원회_저작권 정보시스템 DB 관리체계 강화 컨설팅 용역,D1d129b3f49,한국저작권위원회_저작권 정보시스템 DB 관리체계 강화 컨설팅 용역.hwp | 한국저작권위원회_저작권 정보시스템 DB 관리체계 강화 컨설팅 용역 | 저작권 정보시스템 DB 관리체계 강화 컨설팅 용역 | 한국저작권위원회저작권정보시스템DB관리체계강화컨설팅용역.hwp
89,경기도 부천시_긴급차량 우선신호시스템 광역 연계사업,doc_68b95374260a,경기도 부천시_긴급차량 우선신호시스템 광역 연계사업.hwp,/Users/apple/Desktop/codeit/project_2nd/chatbot/data/original_data_list/경기도 부천시_긴급차량 우선신호시스템 광역 연계사업.hwp,hwp,False,filler_sample,12,0,0,기타,0,True,notice_variant+prefix_alias,경기도 부천시,긴급차량 우선신호시스템 광역 연계사업,,,,,,,,,,,,,missing,,89,경기도 부천시_긴급차량 우선신호시스템 광역 연계사업,D68b9537426,경기도 부천시_긴급차량 우선신호시스템 광역 연계사업.hwp | 경기도 부천시_긴급차량 우선신호시스템 광역 연계사업 | 긴급차량 우선신호시스템 광역 연계사업 | 차량 우선신호시스템 광역 연계사업 | 경기도부천시긴급차량우선신호시스템광역연계사업.hwp
90,경기연구원_2024년 통합정보시스템 기능개선 사업(근무성적평정 제도 개,doc_5fe4fb77ea5c,경기연구원_2024년 통합정보시스템 기능개선 사업(근무성적평정 제도 개.hwp,/Users/apple/Desktop/codeit/project_2nd/chatbot/data/original_data_list/경기연구원_2024년 통합정보시스템 기능개선 사업(근무성적평정 제도 개.hwp,hwp,False,filler_sample,12,0,0,고도화,0,True,similar_project_token,경기연구원,2024년 통합정보시스템 기능개선 사업(근무성적평정 제도 개,고도화,,,,,,,,,,,,missing,,90,경기연구원_2024년 통합정보시스템 기능개선 사업(근무성적평정 제도 개,D5fe4fb77ea,경기연구원_2024년 통합정보시스템 기능개선 사업(근무성적평정 제도 개.hwp | 경기연구원_2024년 통합정보시스템 기능개선 사업(근무성적평정 제도 개 | 2024년 통합정보시스템 기능개선 사업(근무성적평정 제도 개 | 경기연구원2024년통합정보시스템기능개선사업근무성적평정제도개.hwp
91,경기도 고양시_고양시 도서관 홈페이지 온라인 결제시스템 구축 용역,doc_ef96b5bae268,경기도 고양시_고양시 도서관 홈페이지 온라인 결제시스템 구축 용역.hwp,/Users/apple/Desktop/codeit/project_2nd/chatbot/data/original_data_list/경기도 고양시_고양시 도서관 홈페이지 온라인 결제시스템 구축 용역.hwp,hwp,False,filler_sample,12,0,0,구축,0,True,similar_project_token,경기도 고양시,고양시 도서관 홈페이지 온라인 결제시스템 구축 용역,"구축, 홈페이지/포털",,,,,,,,,,,,missing,,91,경기도 고양시_고양시 도서관 홈페이지 온라인 결제시스템 구축 용역,Def96b5bae2,경기도 고양시_고양시 도서관 홈페이지 온라인 결제시스템 구축 용역.hwp | 경기도 고양시_고양시 도서관 홈페이지 온라인 결제시스템 구축 용역 | 고양시 도서관 홈페이지 온라인 결제시스템 구축 용역 | 경기도고양시고양시도서관홈페이지온라인결제시스템구축용역.hwp
92,경희대학교산학협력단_[재공고] 산학협력단 정보시스템 운영 용역업체,doc_c2c8f6093d83,경희대학교산학협력단_[재공고] 산학협력단 정보시스템 운영 용역업체 .hwp,/Users/apple/Desktop/codeit/project_2nd/chatbot/data/original_data_list/경희대학교산학협력단_[재공고] 산학협력단 정보시스템 운영 용역업체 .hwp,hwp,False,filler_sample,12,0,0,운영,0,True,similar_project_token+notice_variant+prefix_alias,경희대학교산학협력단,[재공고] 산학협력단 정보시스템 운영 용역업체,운영,,,,,,,,,,,,missing,,92,경희대학교산학협력단_[재공고] 산학협력단 정보시스템 운영 용역업체,Dc2c8f6093d,경희대학교산학협력단_[재공고] 산학협력단 정보시스템 운영 용역업체 .hwp | 경희대학교산학협력단_[재공고] 산학협력단 정보시스템 운영 용역업체 | [재공고] 산학협력단 정보시스템 운영 용역업체 | 산학협력단 정보시스템 운영 용역업체 | 경희대학교산학협력단재공고산학협력단정보시스템운영용역업체.hwp
93,인천광역시_AI기반 다중이용시설 피난안내시스템 확산 사업,doc_3b38219c95a3,인천광역시_AI기반 다중이용시설 피난안내시스템 확산 사업.hwp,/Users/apple/Desktop/codeit/project_2nd/chatbot/data/original_data_list/인천광역시_AI기반 다중이용시설 피난안내시스템 확산 사업.hwp,hwp,False,filler_sample,12,0,0,데이터/AI,0,True,same_issuer,인천광역시,AI기반 다중이용시설 피난안내시스템 확산 사업,데이터/AI,,,,,,,,,,,,missing,,93,인천광역시_AI기반 다중이용시설 피난안내시스템 확산 사업,D3b38219c95,인천광역시_AI기반 다중이용시설 피난안내시스템 확산 사업.hwp | 인천광역시_AI기반 다중이용시설 피난안내시스템 확산 사업 | AI기반 다중이용시설 피난안내시스템 확산 사업 | 인천광역시AI기반다중이용시설피난안내시스템확산사업.hwp
94,국가평생교육진흥원_온라인 지식학습 플랫폼 보안 강화 및 백업시스템,doc_52a7d1d1b134,국가평생교육진흥원_온라인 지식학습 플랫폼 보안 강화 및 백업시스템 .hwp,/Users/apple/Desktop/codeit/project_2nd/chatbot/data/original_data_list/국가평생교육진흥원_온라인 지식학습 플랫폼 보안 강화 및 백업시스템 .hwp,hwp,False,filler_sample,0,0,0,보안,0,False,,국가평생교육진흥원,온라인 지식학습 플랫폼 보안 강화 및 백업시스템,보안,,,,,,,,,,,,missing,,94,국가평생교육진흥원_온라인 지식학습 플랫폼 보안 강화 및 백업시스템,D52a7d1d1b1,국가평생교육진흥원_온라인 지식학습 플랫폼 보안 강화 및 백업시스템 .hwp | 국가평생교육진흥원_온라인 지식학습 플랫폼 보안 강화 및 백업시스템 | 온라인 지식학습 플랫폼 보안 강화 및 백업시스템 | 국가평생교육진흥원온라인지식학습플랫폼보안강화및백업시스템.hwp
95,대전광역시_정보자원 클라우드 네이티브 전환 정보화전략계획(ISP) 수립,doc_55c39a16acad,대전광역시_정보자원 클라우드 네이티브 전환 정보화전략계획(ISP) 수립.hwp,/Users/apple/Desktop/codeit/project_2nd/chatbot/data/original_data_list/대전광역시_정보자원 클라우드 네이티브 전환 정보화전략계획(ISP) 수립.hwp,hwp,False,filler_sample,0,0,0,클라우드,0,False,,대전광역시,정보자원 클라우드 네이티브 전환 정보화전략계획(ISP) 수립,"클라우드, 컨설팅/감리",,,,,,,,,,,,missing,,95,대전광역시_정보자원 클라우드 네이티브 전환 정보화전략계획(ISP) 수립,D55c39a16ac,대전광역시_정보자원 클라우드 네이티브 전환 정보화전략계획(ISP) 수립.hwp | 대전광역시_정보자원 클라우드 네이티브 전환 정보화전략계획(ISP) 수립 | 정보자원 클라우드 네이티브 전환 정보화전략계획(ISP) 수립 | 대전광역시정보자원클라우드네이티브전환정보화전략계획ISP수립.hwp
96,경찰청_장비포털시스템 AP이관 사업,doc_ccb65e091cc1,경찰청_장비포털시스템 AP이관 사업.hwp,/Users/apple/Desktop/codeit/project_2nd/chatbot/data/original_data_list/경찰청_장비포털시스템 AP이관 사업.hwp,hwp,False,filler_sample,0,0,0,홈페이지/포털,0,False,,경찰청,장비포털시스템 AP이관 사업,홈페이지/포털,,,,,,,,,,,,missing,,96,경찰청_장비포털시스템 AP이관 사업,Dccb65e091c,경찰청_장비포털시스템 AP이관 사업.hwp | 경찰청_장비포털시스템 AP이관 사업 | 장비포털시스템 AP이관 사업 | 경찰청장비포털시스템AP이관사업.hwp
97,한국철도공사 (용역)_중장기 정보화전략계획(ISP) 수정·보완 용역,doc_cec7a208eb6e,한국철도공사 (용역)_중장기 정보화전략계획(ISP) 수정·보완 용역.hwp,/Users/apple/Desktop/codeit/project_2nd/chatbot/data/original_data_list/한국철도공사 (용역)_중장기 정보화전략계획(ISP) 수정·보완 용역.hwp,hwp,False,filler_sample,12,0,0,컨설팅/감리,0,True,same_issuer,한국철도공사 (용역),중장기 정보화전략계획(ISP) 수정·보완 용역,컨설팅/감리,,,,,,,,,,,,missing,,97,한국철도공사 (용역)_중장기 정보화전략계획(ISP) 수정·보완 용역,Dcec7a208eb,한국철도공사 (용역)_중장기 정보화전략계획(ISP) 수정·보완 용역.hwp | 한국철도공사 (용역)_중장기 정보화전략계획(ISP) 수정·보완 용역 | 중장기 정보화전략계획(ISP) 수정·보완 용역 | 한국철도공사용역중장기정보화전략계획ISP수정·보완용역.hwp
98,경기도 양평군_2024년 스마트도시 솔루션 확산사업,doc_b9f336ca4400,경기도 양평군_2024년 스마트도시 솔루션 확산사업.hwp,/Users/apple/Desktop/codeit/project_2nd/chatbot/data/original_data_list/경기도 양평군_2024년 스마트도시 솔루션 확산사업.hwp,hwp,False,filler_sample,12,0,0,기타,0,True,similar_project_token,경기도 양평군,2024년 스마트도시 솔루션 확산사업,,,,,,,,,,,,,missing,,98,경기도 양평군_2024년 스마트도시 솔루션 확산사업,Db9f336ca44,경기도 양평군_2024년 스마트도시 솔루션 확산사업.hwp | 경기도 양평군_2024년 스마트도시 솔루션 확산사업 | 2024년 스마트도시 솔루션 확산사업 | 경기도양평군2024년스마트도시솔루션확산사업.hwp
99,경민대학 산학협력단_2024혁신wowLiFE사업 차세대종합정보시스템 고도화,doc_bc04e42cc1c3,경민대학 산학협력단_2024혁신wowLiFE사업 차세대종합정보시스템 고도화 .hwp,/Users/apple/Desktop/codeit/project_2nd/chatbot/data/original_data_list/경민대학 산학협력단_2024혁신wowLiFE사업 차세대종합정보시스템 고도화 .hwp,hwp,False,filler_sample,12,0,0,고도화,0,True,similar_project_token,경민대학 산학협력단,2024혁신wowLiFE사업 차세대종합정보시스템 고도화,고도화,,,,,,,,,,,,missing,,99,경민대학 산학협력단_2024혁신wowLiFE사업 차세대종합정보시스템 고도화,Dbc04e42cc1,경민대학 산학협력단_2024혁신wowLiFE사업 차세대종합정보시스템 고도화 .hwp | 경민대학 산학협력단_2024혁신wowLiFE사업 차세대종합정보시스템 고도화 | 2024혁신wowLiFE사업 차세대종합정보시스템 고도화 | 경민대학산학협력단2024혁신wowLiFE사업차세대종합정보시스템고도화.hwp
100,경기도 광명시_「버스정보시스템 클라우드 적용 SW 개발사업」 제안서,doc_2f829649f753,경기도 광명시_「버스정보시스템 클라우드 적용  SW 개발사업」 제안서 .hwp,/Users/apple/Desktop/codeit/project_2nd/chatbot/data/original_data_list/경기도 광명시_「버스정보시스템 클라우드 적용  SW 개발사업」 제안서 .hwp,hwp,False,filler_sample,12,0,0,구축,0,True,similar_project_token,경기도 광명시,「버스정보시스템 클라우드 적용 SW 개발사업」 제안서,"구축, 클라우드",,,,,,,,,,,,missing,,100,경기도 광명시_「버스정보시스템 클라우드 적용 SW 개발사업」 제안서,D2f829649f7,경기도 광명시_「버스정보시스템 클라우드 적용 SW 개발사업」 제안서 .hwp | 경기도 광명시_「버스정보시스템 클라우드 적용 SW 개발사업」 제안서 | 「버스정보시스템 클라우드 적용 SW 개발사업」 제안서 | 경기도광명시「버스정보시스템클라우드적용SW개발사업」제안서.hwp
101,경희대학교산학협력단_산학협력단 정보시스템 운영 용역업체 선정,doc_3bdda36dff62,경희대학교산학협력단_산학협력단 정보시스템 운영 용역업체 선정.hwp,/Users/apple/Desktop/codeit/project_2nd/chatbot/data/original_data_list/경희대학교산학협력단_산학협력단 정보시스템 운영 용역업체 선정.hwp,hwp,False,filler_sample,12,0,0,운영,0,True,similar_project_token,경희대학교산학협력단,산학협력단 정보시스템 운영 용역업체 선정,운영,,,,,,,,,,,,missing,,101,경희대학교산학협력단_산학협력단 정보시스템 운영 용역업체 선정,D3bdda36dff,경희대학교산학협력단_산학협력단 정보시스템 운영 용역업체 선정.hwp | 경희대학교산학협력단_산학협력단 정보시스템 운영 용역업체 선정 | 산학협력단 정보시스템 운영 용역업체 선정 | 경희대학교산학협력단산학협력단정보시스템운영용역업체선정.hwp
102,재단법인 한국국학진흥원_2024년 국학분야 인공지능 자동 번역 시스템 구,doc_6e18030483da,재단법인 한국국학진흥원_2024년 국학분야 인공지능 자동 번역 시스템 구.hwp,/Users/apple/Desktop/codeit/project_2nd/chatbot/data/original_data_list/재단법인 한국국학진흥원_2024년 국학분야 인공지능 자동 번역 시스템 구.hwp,hwp,False,filler_sample,12,0,0,데이터/AI,0,True,similar_project_token,재단법인 한국국학진흥원,2024년 국학분야 인공지능 자동 번역 시스템 구,데이터/AI,,,,,,,,,,,,missing,,102,재단법인 한국국학진흥원_2024년 국학분야 인공지능 자동 번역 시스템 구,D6e18030483,재단법인 한국국학진흥원_2024년 국학분야 인공지능 자동 번역 시스템 구.hwp | 재단법인 한국국학진흥원_2024년 국학분야 인공지능 자동 번역 시스템 구 | 2024년 국학분야 인공지능 자동 번역 시스템 구 | 재단법인한국국학진흥원2024년국학분야인공지능자동번역시스템구.hwp
103,한국인터넷진흥원_25년 주요 침해사고 탐지·조치·대응 시스템 보안관제,doc_d534530708b0,한국인터넷진흥원_25년 주요 침해사고 탐지·조치·대응 시스템 보안관제.hwp,/Users/apple/Desktop/codeit/project_2nd/chatbot/data/original_data_list/한국인터넷진흥원_25년 주요 침해사고 탐지·조치·대응 시스템 보안관제.hwp,hwp,False,filler_sample,0,0,0,보안,0,False,,한국인터넷진흥원,25년 주요 침해사고 탐지·조치·대응 시스템 보안관제,보안,,,,,,,,,,,,missing,,103,한국인터넷진흥원_25년 주요 침해사고 탐지·조치·대응 시스템 보안관제,Dd534530708,한국인터넷진흥원_25년 주요 침해사고 탐지·조치·대응 시스템 보안관제.hwp | 한국인터넷진흥원_25년 주요 침해사고 탐지·조치·대응 시스템 보안관제 | 25년 주요 침해사고 탐지·조치·대응 시스템 보안관제 | 한국인터넷진흥원25년주요침해사고탐지·조치·대응시스템보안관제.hwp
104,한국교통안전공단_자동차튜닝부품인증센터 시스템 클라우드전환(재구,doc_aa3d6bd69e13,한국교통안전공단_자동차튜닝부품인증센터 시스템 클라우드전환(재구.hwp,/Users/apple/Desktop/codeit/project_2nd/chatbot/data/original_data_list/한국교통안전공단_자동차튜닝부품인증센터 시스템 클라우드전환(재구.hwp,hwp,False,filler_sample,0,0,0,클라우드,0,False,,한국교통안전공단,자동차튜닝부품인증센터 시스템 클라우드전환(재구,클라우드,,,,,,,,,,,,missing,,104,한국교통안전공단_자동차튜닝부품인증센터 시스템 클라우드전환(재구,Daa3d6bd69e,한국교통안전공단_자동차튜닝부품인증센터 시스템 클라우드전환(재구.hwp | 한국교통안전공단_자동차튜닝부품인증센터 시스템 클라우드전환(재구 | 자동차튜닝부품인증센터 시스템 클라우드전환(재구 | 한국교통안전공단자동차튜닝부품인증센터시스템클라우드전환재구.hwp
105,국가철도공단_철도인프라 디지털트윈 정보화전략계획(ISP) 수립 용역(변,doc_863280b95a32,국가철도공단_철도인프라 디지털트윈 정보화전략계획(ISP) 수립 용역(변.hwp,/Users/apple/Desktop/codeit/project_2nd/chatbot/data/original_data_list/국가철도공단_철도인프라 디지털트윈 정보화전략계획(ISP) 수립 용역(변.hwp,hwp,False,filler_sample,0,0,0,컨설팅/감리,0,False,,국가철도공단,철도인프라 디지털트윈 정보화전략계획(ISP) 수립 용역(변,컨설팅/감리,,,,,,,,,,,,missing,,105,국가철도공단_철도인프라 디지털트윈 정보화전략계획(ISP) 수립 용역(변,D863280b95a,국가철도공단_철도인프라 디지털트윈 정보화전략계획(ISP) 수립 용역(변.hwp | 국가철도공단_철도인프라 디지털트윈 정보화전략계획(ISP) 수립 용역(변 | 철도인프라 디지털트윈 정보화전략계획(ISP) 수립 용역(변 | 국가철도공단철도인프라디지털트윈정보화전략계획ISP수립용역변.hwp
106,경기도 포천시_2024년 포천시 스마트도시 솔루션 확산사업 (협상에 의한,doc_efdef09d0959,경기도 포천시_2024년 포천시 스마트도시 솔루션 확산사업 (협상에 의한 .hwp,/Users/apple/Desktop/codeit/project_2nd/chatbot/data/original_data_list/경기도 포천시_2024년 포천시 스마트도시 솔루션 확산사업 (협상에 의한 .hwp,hwp,False,filler_sample,12,0,0,기타,0,True,similar_project_token,경기도 포천시,2024년 포천시 스마트도시 솔루션 확산사업 (협상에 의한,,,,,,,,,,,,,missing,,106,경기도 포천시_2024년 포천시 스마트도시 솔루션 확산사업 (협상에 의한,Defdef09d09,경기도 포천시_2024년 포천시 스마트도시 솔루션 확산사업 (협상에 의한 .hwp | 경기도 포천시_2024년 포천시 스마트도시 솔루션 확산사업 (협상에 의한 | 2024년 포천시 스마트도시 솔루션 확산사업 (협상에 의한 | 경기도포천시2024년포천시스마트도시솔루션확산사업협상에의한.hwp
107,경북전문대학 산학협력단_학생이력관리시스템 고도화 외주용역,doc_cf50f1e8c6f9,경북전문대학 산학협력단_학생이력관리시스템 고도화 외주용역.hwp,/Users/apple/Desktop/codeit/project_2nd/chatbot/data/original_data_list/경북전문대학 산학협력단_학생이력관리시스템 고도화 외주용역.hwp,hwp,False,filler_sample,12,0,0,고도화,0,True,similar_project_token,경북전문대학 산학협력단,학생이력관리시스템 고도화 외주용역,고도화,,,,,,,,,,,,missing,,107,경북전문대학 산학협력단_학생이력관리시스템 고도화 외주용역,Dcf50f1e8c6,경북전문대학 산학협력단_학생이력관리시스템 고도화 외주용역.hwp | 경북전문대학 산학협력단_학생이력관리시스템 고도화 외주용역 | 학생이력관리시스템 고도화 외주용역 | 경북전문대학산학협력단학생이력관리시스템고도화외주용역.hwp
108,경기도 군포시_(긴급)군포 AI기반 쓰레기 무단투기 단속시스템 구축 용역,doc_854a578b7bf2,경기도 군포시_(긴급)군포 AI기반 쓰레기 무단투기 단속시스템 구축 용역.hwp,/Users/apple/Desktop/codeit/project_2nd/chatbot/data/original_data_list/경기도 군포시_(긴급)군포 AI기반 쓰레기 무단투기 단속시스템 구축 용역.hwp,hwp,False,filler_sample,12,0,0,구축,0,True,notice_variant+prefix_alias,경기도 군포시,(긴급)군포 AI기반 쓰레기 무단투기 단속시스템 구축 용역,"구축, 데이터/AI",,,,,,,,,,,,missing,,108,경기도 군포시_(긴급)군포 AI기반 쓰레기 무단투기 단속시스템 구축 용역,D854a578b7b,경기도 군포시_(긴급)군포 AI기반 쓰레기 무단투기 단속시스템 구축 용역.hwp | 경기도 군포시_(긴급)군포 AI기반 쓰레기 무단투기 단속시스템 구축 용역 | (긴급)군포 AI기반 쓰레기 무단투기 단속시스템 구축 용역 | 군포 AI기반 쓰레기 무단투기 단속시스템 구축 용역 | 경기도군포시긴급군포AI기반쓰레기무단투기단속시스템구축용역.hwp
109,국립공원공단_2024년 자원통합관리시스템 운영관리,doc_c23891708f21,국립공원공단_2024년 자원통합관리시스템 운영관리.hwp,/Users/apple/Desktop/codeit/project_2nd/chatbot/data/original_data_list/국립공원공단_2024년 자원통합관리시스템 운영관리.hwp,hwp,False,filler_sample,12,0,0,운영,0,True,similar_project_token,국립공원공단,2024년 자원통합관리시스템 운영관리,운영,,,,,,,,,,,,missing,,109,국립공원공단_2024년 자원통합관리시스템 운영관리,Dc23891708f,국립공원공단_2024년 자원통합관리시스템 운영관리.hwp | 국립공원공단_2024년 자원통합관리시스템 운영관리 | 2024년 자원통합관리시스템 운영관리 | 국립공원공단2024년자원통합관리시스템운영관리.hwp
110,한국교통안전공단_교통카드빅데이터 통합정보시스템 공공클라우드 전,doc_77d2b7f4bf53,한국교통안전공단_교통카드빅데이터 통합정보시스템 공공클라우드 전.hwp,/Users/apple/Desktop/codeit/project_2nd/chatbot/data/original_data_list/한국교통안전공단_교통카드빅데이터 통합정보시스템 공공클라우드 전.hwp,hwp,False,filler_sample,12,0,0,데이터/AI,0,True,similar_project_token,한국교통안전공단,교통카드빅데이터 통합정보시스템 공공클라우드 전,"데이터/AI, 클라우드",,,,,,,,,,,,missing,,110,한국교통안전공단_교통카드빅데이터 통합정보시스템 공공클라우드 전,D77d2b7f4bf,한국교통안전공단_교통카드빅데이터 통합정보시스템 공공클라우드 전.hwp | 한국교통안전공단_교통카드빅데이터 통합정보시스템 공공클라우드 전 | 교통카드빅데이터 통합정보시스템 공공클라우드 전 | 한국교통안전공단교통카드빅데이터통합정보시스템공공클라우드전.hwp
111,한국해양조사협회_정보보안 강화 및 정보화 전략수립 컨설팅,doc_87bce87efaff,한국해양조사협회_정보보안 강화 및 정보화 전략수립 컨설팅.hwp,/Users/apple/Desktop/codeit/project_2nd/chatbot/data/original_data_list/한국해양조사협회_정보보안 강화 및 정보화 전략수립 컨설팅.hwp,hwp,False,filler_sample,0,0,0,보안,0,False,,한국해양조사협회,정보보안 강화 및 정보화 전략수립 컨설팅,"보안, 컨설팅/감리",,,,,,,,,,,,missing,,111,한국해양조사협회_정보보안 강화 및 정보화 전략수립 컨설팅,D87bce87efa,한국해양조사협회_정보보안 강화 및 정보화 전략수립 컨설팅.hwp | 한국해양조사협회_정보보안 강화 및 정보화 전략수립 컨설팅 | 정보보안 강화 및 정보화 전략수립 컨설팅 | 한국해양조사협회정보보안강화및정보화전략수립컨설팅.hwp
112,한국교통안전공단_통합학사관리시스템 대구센터 클라우드 전환 용역,doc_fce0755e2280,한국교통안전공단_통합학사관리시스템 대구센터 클라우드 전환 용역.hwp,/Users/apple/Desktop/codeit/project_2nd/chatbot/data/original_data_list/한국교통안전공단_통합학사관리시스템 대구센터 클라우드 전환 용역.hwp,hwp,False,filler_sample,0,0,0,클라우드,0,False,,한국교통안전공단,통합학사관리시스템 대구센터 클라우드 전환 용역,클라우드,,,,,,,,,,,,missing,,112,한국교통안전공단_통합학사관리시스템 대구센터 클라우드 전환 용역,Dfce0755e22,한국교통안전공단_통합학사관리시스템 대구센터 클라우드 전환 용역.hwp | 한국교통안전공단_통합학사관리시스템 대구센터 클라우드 전환 용역 | 통합학사관리시스템 대구센터 클라우드 전환 용역 | 한국교통안전공단통합학사관리시스템대구센터클라우드전환용역.hwp
113,국가철도공단_철도인프라 디지털트윈 정보화전략계획(ISP) 수립 용역,doc_3f2a21056bb2,국가철도공단_철도인프라 디지털트윈 정보화전략계획(ISP) 수립 용역.hwp,/Users/apple/Desktop/codeit/project_2nd/chatbot/data/original_data_list/국가철도공단_철도인프라 디지털트윈 정보화전략계획(ISP) 수립 용역.hwp,hwp,False,filler_sample,0,0,0,컨설팅/감리,0,False,,국가철도공단,철도인프라 디지털트윈 정보화전략계획(ISP) 수립 용역,컨설팅/감리,,,,,,,,,,,,missing,,113,국가철도공단_철도인프라 디지털트윈 정보화전략계획(ISP) 수립 용역,D3f2a21056b,국가철도공단_철도인프라 디지털트윈 정보화전략계획(ISP) 수립 용역.hwp | 국가철도공단_철도인프라 디지털트윈 정보화전략계획(ISP) 수립 용역 | 철도인프라 디지털트윈 정보화전략계획(ISP) 수립 용역 | 국가철도공단철도인프라디지털트윈정보화전략계획ISP수립용역.hwp
114,경상북도 고령군_고령군 스마트시티 솔루션 확산사업(협상에의한 계약)(,doc_acb80557fbf7,경상북도 고령군_고령군 스마트시티 솔루션 확산사업(협상에의한 계약)(.hwp,/Users/apple/Desktop/codeit/project_2nd/chatbot/data/original_data_list/경상북도 고령군_고령군 스마트시티 솔루션 확산사업(협상에의한 계약)(.hwp,hwp,False,filler_sample,12,0,0,기타,0,True,similar_project_token,경상북도 고령군,고령군 스마트시티 솔루션 확산사업(협상에의한 계약)(,,,,,,,,,,,,,missing,,114,경상북도 고령군_고령군 스마트시티 솔루션 확산사업(협상에의한 계약)(,Dacb80557fb,경상북도 고령군_고령군 스마트시티 솔루션 확산사업(협상에의한 계약)(.hwp | 경상북도 고령군_고령군 스마트시티 솔루션 확산사업(협상에의한 계약)( | 고령군 스마트시티 솔루션 확산사업(협상에의한 계약)( | 경상북도고령군고령군스마트시티솔루션확산사업협상에의한계약.hwp
115,경상북도 봉화군_봉화군 재난통합관리시스템 고도화 사업(협상)(긴급),doc_1e10853940ed,경상북도 봉화군_봉화군 재난통합관리시스템 고도화 사업(협상)(긴급).hwp,/Users/apple/Desktop/codeit/project_2nd/chatbot/data/original_data_list/경상북도 봉화군_봉화군 재난통합관리시스템 고도화 사업(협상)(긴급).hwp,hwp,False,filler_sample,12,0,0,고도화,0,True,similar_project_token+notice_variant,경상북도 봉화군,봉화군 재난통합관리시스템 고도화 사업(협상)(긴급),고도화,,,,,,,,,,,,missing,,115,경상북도 봉화군_봉화군 재난통합관리시스템 고도화 사업(협상)(긴급),D1e10853940,경상북도 봉화군_봉화군 재난통합관리시스템 고도화 사업(협상)(긴급).hwp | 경상북도 봉화군_봉화군 재난통합관리시스템 고도화 사업(협상)(긴급) | 봉화군 재난통합관리시스템 고도화 사업(협상)(긴급) | 경상북도봉화군봉화군재난통합관리시스템고도화사업협상긴급.hwp
116,경기도 김포시_스마트 하천안전차단시스템 구축사업(소프트웨어부분),doc_b8e9de6b4662,경기도 김포시_스마트 하천안전차단시스템 구축사업(소프트웨어부분).hwp,/Users/apple/Desktop/codeit/project_2nd/chatbot/data/original_data_list/경기도 김포시_스마트 하천안전차단시스템 구축사업(소프트웨어부분).hwp,hwp,False,filler_sample,12,0,0,구축,0,True,similar_project_token,경기도 김포시,스마트 하천안전차단시스템 구축사업(소프트웨어부분),구축,,,,,,,,,,,,missing,,116,경기도 김포시_스마트 하천안전차단시스템 구축사업(소프트웨어부분),Db8e9de6b46,경기도 김포시_스마트 하천안전차단시스템 구축사업(소프트웨어부분).hwp | 경기도 김포시_스마트 하천안전차단시스템 구축사업(소프트웨어부분) | 스마트 하천안전차단시스템 구축사업(소프트웨어부분) | 경기도김포시스마트하천안전차단시스템구축사업소프트웨어부분.hwp
117,국립중앙의료원_병원정보시스템 노후 전산장비 교체(증설) 및 운영환경,doc_c0ff4d7595a7,국립중앙의료원_병원정보시스템 노후 전산장비 교체(증설) 및 운영환경 .hwp,/Users/apple/Desktop/codeit/project_2nd/chatbot/data/original_data_list/국립중앙의료원_병원정보시스템 노후 전산장비 교체(증설) 및 운영환경 .hwp,hwp,False,filler_sample,12,0,0,운영,0,True,same_issuer+similar_project_token,국립중앙의료원,병원정보시스템 노후 전산장비 교체(증설) 및 운영환경,운영,,,,,,,,,,,,missing,,117,국립중앙의료원_병원정보시스템 노후 전산장비 교체(증설) 및 운영환경,Dc0ff4d7595,국립중앙의료원_병원정보시스템 노후 전산장비 교체(증설) 및 운영환경 .hwp | 국립중앙의료원_병원정보시스템 노후 전산장비 교체(증설) 및 운영환경 | 병원정보시스템 노후 전산장비 교체(증설) 및 운영환경 | 국립중앙의료원병원정보시스템노후전산장비교체증설및운영환경.hwp
118,한국원자력연구원_커뮤니티(CoP)-협업시스템 데이터 이관 사업,doc_9d8a1af87633,한국원자력연구원_커뮤니티(CoP)-협업시스템 데이터 이관 사업.hwp,/Users/apple/Desktop/codeit/project_2nd/chatbot/data/original_data_list/한국원자력연구원_커뮤니티(CoP)-협업시스템 데이터 이관 사업.hwp,hwp,False,filler_sample,12,0,0,데이터/AI,0,True,same_issuer+similar_project_token,한국원자력연구원,커뮤니티(CoP)-협업시스템 데이터 이관 사업,데이터/AI,,,,,,,,,,,,missing,,118,한국원자력연구원_커뮤니티(CoP)-협업시스템 데이터 이관 사업,D9d8a1af876,한국원자력연구원_커뮤니티(CoP)-협업시스템 데이터 이관 사업.hwp | 한국원자력연구원_커뮤니티(CoP)-협업시스템 데이터 이관 사업 | 커뮤니티(CoP)-협업시스템 데이터 이관 사업 | 한국원자력연구원커뮤니티CoP협업시스템데이터이관사업.hwp
119,서울특별시교육청_서울특별시교육청 지능정보화전략계획(ISP) 수립(2차),doc_bb7164287d74,서울특별시교육청_서울특별시교육청 지능정보화전략계획(ISP) 수립(2차) .hwp,/Users/apple/Desktop/codeit/project_2nd/chatbot/data/original_data_list/서울특별시교육청_서울특별시교육청 지능정보화전략계획(ISP) 수립(2차) .hwp,hwp,False,filler_sample,0,0,0,컨설팅/감리,0,False,,서울특별시교육청,서울특별시교육청 지능정보화전략계획(ISP) 수립(2차),컨설팅/감리,,,,,,,,,,,,missing,,119,서울특별시교육청_서울특별시교육청 지능정보화전략계획(ISP) 수립(2차),Dbb7164287d,서울특별시교육청_서울특별시교육청 지능정보화전략계획(ISP) 수립(2차) .hwp | 서울특별시교육청_서울특별시교육청 지능정보화전략계획(ISP) 수립(2차) | 서울특별시교육청 지능정보화전략계획(ISP) 수립(2차) | 서울특별시교육청서울특별시교육청지능정보화전략계획ISP수립2차.hwp
120,경상북도 의성군_2024년 의성군 스마트도시 솔루션 확산사업(협상에 의한,doc_09c9cedc3889,경상북도 의성군_2024년 의성군 스마트도시 솔루션 확산사업(협상에 의한.hwp,/Users/apple/Desktop/codeit/project_2nd/chatbot/data/original_data_list/경상북도 의성군_2024년 의성군 스마트도시 솔루션 확산사업(협상에 의한.hwp,hwp,False,filler_sample,12,0,0,기타,0,True,similar_project_token,경상북도 의성군,2024년 의성군 스마트도시 솔루션 확산사업(협상에 의한,,,,,,,,,,,,,missing,,120,경상북도 의성군_2024년 의성군 스마트도시 솔루션 확산사업(협상에 의한,D09c9cedc38,경상북도 의성군_2024년 의성군 스마트도시 솔루션 확산사업(협상에 의한.hwp | 경상북도 의성군_2024년 의성군 스마트도시 솔루션 확산사업(협상에 의한 | 2024년 의성군 스마트도시 솔루션 확산사업(협상에 의한 | 경상북도의성군2024년의성군스마트도시솔루션확산사업협상에의한.hwp
121,광주과학기술원_광주과학기술원 지식재산권관리시스템 고도화,doc_5c04d1cb1b40,광주과학기술원_광주과학기술원 지식재산권관리시스템 고도화.hwp,/Users/apple/Desktop/codeit/project_2nd/chatbot/data/original_data_list/광주과학기술원_광주과학기술원 지식재산권관리시스템 고도화.hwp,hwp,False,filler_sample,12,0,0,고도화,0,True,same_issuer,광주과학기술원,광주과학기술원 지식재산권관리시스템 고도화,고도화,,,,,,,,,,,,missing,,121,광주과학기술원_광주과학기술원 지식재산권관리시스템 고도화,D5c04d1cb1b,광주과학기술원_광주과학기술원 지식재산권관리시스템 고도화.hwp | 광주과학기술원_광주과학기술원 지식재산권관리시스템 고도화 | 광주과학기술원 지식재산권관리시스템 고도화 | 광주과학기술원광주과학기술원지식재산권관리시스템고도화.hwp
122,경기도 부천시_2024년 부천문화재단 홈페이지 통합 및 대관시스템 구축(,doc_1fa465d3479c,경기도 부천시_2024년 부천문화재단 홈페이지 통합 및 대관시스템 구축(.hwp,/Users/apple/Desktop/codeit/project_2nd/chatbot/data/original_data_list/경기도 부천시_2024년 부천문화재단 홈페이지 통합 및 대관시스템 구축(.hwp,hwp,False,filler_sample,12,0,0,구축,0,True,similar_project_token,경기도 부천시,2024년 부천문화재단 홈페이지 통합 및 대관시스템 구축(,"구축, 홈페이지/포털",,,,,,,,,,,,missing,,122,경기도 부천시_2024년 부천문화재단 홈페이지 통합 및 대관시스템 구축(,D1fa465d347,경기도 부천시_2024년 부천문화재단 홈페이지 통합 및 대관시스템 구축(.hwp | 경기도 부천시_2024년 부천문화재단 홈페이지 통합 및 대관시스템 구축( | 2024년 부천문화재단 홈페이지 통합 및 대관시스템 구축( | 경기도부천시2024년부천문화재단홈페이지통합및대관시스템구축.hwp
123,국민연금공단_2024년 이러닝시스템 운영 용역,doc_dc0d19e133e3,국민연금공단_2024년 이러닝시스템 운영 용역.hwp,/Users/apple/Desktop/codeit/project_2nd/chatbot/data/original_data_list/국민연금공단_2024년 이러닝시스템 운영 용역.hwp,hwp,False,filler_sample,12,0,0,운영,0,True,similar_project_token,국민연금공단,2024년 이러닝시스템 운영 용역,운영,,,,,,,,,,,,missing,,123,국민연금공단_2024년 이러닝시스템 운영 용역,Ddc0d19e133,국민연금공단_2024년 이러닝시스템 운영 용역.hwp | 국민연금공단_2024년 이러닝시스템 운영 용역 | 2024년 이러닝시스템 운영 용역 | 국민연금공단2024년이러닝시스템운영용역.hwp
124,한동대학교 산학협력단_한동대학교 파라과이 축산데이터관리시스템 구,doc_81f8b761492c,한동대학교 산학협력단_한동대학교 파라과이 축산데이터관리시스템 구.hwp,/Users/apple/Desktop/codeit/project_2nd/chatbot/data/original_data_list/한동대학교 산학협력단_한동대학교 파라과이 축산데이터관리시스템 구.hwp,hwp,False,filler_sample,12,0,0,데이터/AI,0,True,similar_project_token,한동대학교 산학협력단,한동대학교 파라과이 축산데이터관리시스템 구,데이터/AI,,,,,,,,,,,,missing,,124,한동대학교 산학협력단_한동대학교 파라과이 축산데이터관리시스템 구,D81f8b76149,한동대학교 산학협력단_한동대학교 파라과이 축산데이터관리시스템 구.hwp | 한동대학교 산학협력단_한동대학교 파라과이 축산데이터관리시스템 구 | 한동대학교 파라과이 축산데이터관리시스템 구 | 한동대학교산학협력단한동대학교파라과이축산데이터관리시스템구.hwp
125,한국광해광업공단_한국광해광업공단 정보화전략계획(ISP) 수립 용역,doc_8d56dd60d344,한국광해광업공단_한국광해광업공단 정보화전략계획(ISP) 수립 용역.hwp,/Users/apple/Desktop/codeit/project_2nd/chatbot/data/original_data_list/한국광해광업공단_한국광해광업공단 정보화전략계획(ISP) 수립 용역.hwp,hwp,False,filler_sample,0,0,0,컨설팅/감리,0,False,,한국광해광업공단,한국광해광업공단 정보화전략계획(ISP) 수립 용역,컨설팅/감리,,,,,,,,,,,,missing,,125,한국광해광업공단_한국광해광업공단 정보화전략계획(ISP) 수립 용역,D8d56dd60d3,한국광해광업공단_한국광해광업공단 정보화전략계획(ISP) 수립 용역.hwp | 한국광해광업공단_한국광해광업공단 정보화전략계획(ISP) 수립 용역 | 한국광해광업공단 정보화전략계획(ISP) 수립 용역 | 한국광해광업공단한국광해광업공단정보화전략계획ISP수립용역.hwp
